game_pk,home_team,away_team,home_prob,away_prob,predicted_edge,predicted_home_runs,predicted_away_runs,timestamp
822686,Washington Nationals,Atlanta Braves,0.5555555555555556,0.4444444444444444,0.11111111111111116,8.412967611575986,3.5792819604110333,BACKTEST_INIT
822687,Washington Nationals,Atlanta Braves,0.5555555555555556,0.4444444444444444,0.11111111111111116,4.860540632923465,2.420272324141129,BACKTEST_INIT
822688,Washington Nationals,Miami Marlins,0.5555555555555556,0.4444444444444444,0.11111111111111116,5.386016805351314,2.7669205967006545,BACKTEST_INIT
822689,Washington Nationals,Miami Marlins,0.4908256880733945,0.5091743119266054,0.018348623853210955,3.0142257089303923,4.9485906236445,BACKTEST_INIT
822690,Washington Nationals,Miami Marlins,0.6666666666666666,0.33333333333333337,0.33333333333333326,8.544784956735906,1.8237886869645346,BACKTEST_INIT
822691,Washington Nationals,Miami Marlins,0.5379939209726444,0.4620060790273556,0.07598784194528885,2.8940145104712887,1.8801577561777583,BACKTEST_INIT
822692,Washington Nationals,Colorado Rockies,0.49528301886792453,0.5047169811320755,0.009433962264150997,1.489567582301166,3.5697550833643,BACKTEST_INIT
822693,Washington Nationals,Colorado Rockies,0.6666666666666666,0.33333333333333337,0.33333333333333326,11.450433439948911,3.8896872363905497,BACKTEST_INIT
822694,Washington Nationals,Colorado Rockies,0.3333333333333333,0.6666666666666667,0.3333333333333334,1.5168802371028232,10.333023962171916,BACKTEST_INIT
822695,Washington Nationals,Colorado Rockies,0.4880382775119617,0.5119617224880383,0.02392344497607657,3.6352400235236972,4.600924885349072,BACKTEST_INIT
822696,Washington Nationals,Chicago Cubs,0.494949494949495,0.505050505050505,0.01010101010101,5.62480036686323,10.897320057583546,BACKTEST_INIT
822697,Washington Nationals,Chicago Cubs,0.4976303317535545,0.5023696682464456,0.0047393364928911,5.180346957711134,6.131631853713017,BACKTEST_INIT
822698,Washington Nationals,Chicago Cubs,0.49645390070921985,0.5035460992907801,0.007092198581560238,5.524871323029048,6.958531134630279,BACKTEST_INIT
822699,Washington Nationals,Cincinnati Reds,0.5,0.5,0.0,3.4848315123237215,5.1696795678508956,BACKTEST_INIT
822700,Washington Nationals,Cincinnati Reds,0.5555555555555556,0.4444444444444444,0.11111111111111116,7.1491062773219625,3.0609736310436935,BACKTEST_INIT
822701,Washington Nationals,Cincinnati Reds,0.5254237288135594,0.47457627118644063,0.05084745762711873,4.199907365834856,3.971229391796399,BACKTEST_INIT
822702,Washington Nationals,Toronto Blue Jays,0.5555555555555556,0.4444444444444444,0.11111111111111116,7.588216609978934,4.709573047094441,BACKTEST_INIT
822703,Washington Nationals,Toronto Blue Jays,0.4975369458128079,0.5024630541871922,0.004926108374384286,2.7323940629284227,2.7520363195080737,BACKTEST_INIT
822704,Washington Nationals,Arizona Diamondbacks,0.4962962962962963,0.5037037037037038,0.007407407407407474,2.89068251632831,3.332876587384797,BACKTEST_INIT
822705,Washington Nationals,Toronto Blue Jays,0.5555555555555556,0.4444444444444444,0.11111111111111116,6.096440713510134,2.5887382535454018,BACKTEST_INIT
822706,Washington Nationals,Arizona Diamondbacks,0.5488215488215488,0.45117845117845123,0.09764309764309753,3.9116720289840003,3.258817359833931,BACKTEST_INIT
822707,Washington Nationals,Arizona Diamondbacks,0.5555555555555556,0.4444444444444444,0.11111111111111116,5.506872621856781,3.3633315123076013,BACKTEST_INIT
822708,Washington Nationals,New York Yankees,0.4879518072289157,0.5120481927710843,0.024096385542168586,2.7230655323109856,4.397264710276001,BACKTEST_INIT
822709,Washington Nationals,New York Yankees,0.5573770491803278,0.4426229508196722,0.11475409836065564,7.848153573157809,4.9319003346930455,BACKTEST_INIT
822710,Washington Nationals,Houston Astros,0.3333333333333333,0.6666666666666667,0.3333333333333334,1.3569788579032114,6.297669328497082,BACKTEST_INIT
822711,Washington Nationals,New York Yankees,0.4909090909090909,0.509090909090909,0.018181818181818132,3.37230915208591,5.199149965412516,BACKTEST_INIT
822712,Washington Nationals,Houston Astros,0.4840764331210191,0.5159235668789809,0.031847133757961776,2.438572251163226,3.843561688058415,BACKTEST_INIT
822713,Washington Nationals,Houston Astros,0.5102040816326531,0.4897959183673469,0.020408163265306145,10.109854854748665,9.545997059614065,BACKTEST_INIT
822714,Washington Nationals,Pittsburgh Pirates,0.5034013605442178,0.4965986394557822,0.006802721088435604,3.734612033445241,3.574966392964088,BACKTEST_INIT
822715,Washington Nationals,Pittsburgh Pirates,0.3333333333333333,0.6666666666666667,0.3333333333333334,1.6038337457609053,6.1903095948594915,BACKTEST_INIT
822716,Washington Nationals,Pittsburgh Pirates,0.5654008438818565,0.4345991561181435,0.13080168776371304,7.4004219674874765,3.902103233920206,BACKTEST_INIT
822717,Washington Nationals,Philadelphia Phillies,0.5,0.5,0.0,3.290635410156426,4.6956497189008735,BACKTEST_INIT
822718,Washington Nationals,Philadelphia Phillies,0.5614035087719298,0.4385964912280702,0.12280701754385959,4.039615621119451,1.9108405651966258,BACKTEST_INIT
822719,Washington Nationals,Philadelphia Phillies,0.5093167701863354,0.49068322981366463,0.01863354037267073,9.302631212049983,9.485274231499641,BACKTEST_INIT
822720,Washington Nationals,Philadelphia Phillies,0.5037037037037037,0.49629629629629635,0.007407407407407307,4.4188195663373815,5.3921947376274675,BACKTEST_INIT
822721,Washington Nationals,Kansas City Royals,0.5703125,0.4296875,0.140625,5.518836105481607,3.40480048518391,BACKTEST_INIT
822722,Washington Nationals,Seattle Mariners,0.6666666666666666,0.33333333333333337,0.33333333333333326,8.550719886313406,2.3960255340080483,BACKTEST_INIT
822723,Washington Nationals,Kansas City Royals,0.5714285714285714,0.4285714285714286,0.1428571428571428,5.504235337432261,3.224595556454351,BACKTEST_INIT
822724,Washington Nationals,Kansas City Royals,0.5126050420168067,0.4873949579831933,0.025210084033613356,3.852507254994314,3.4086787187096634,BACKTEST_INIT
822725,Washington Nationals,Seattle Mariners,0.3333333333333333,0.6666666666666667,0.3333333333333334,1.8894036384456592,8.699797172600752,BACKTEST_INIT
822726,Washington Nationals,Seattle Mariners,0.5674418604651162,0.43255813953488376,0.1348837209302325,8.060740420037042,6.578482565626255,BACKTEST_INIT
822727,Washington Nationals,Miami Marlins,0.4947916666666667,0.5052083333333333,0.010416666666666574,3.457570871299877,6.631020006133778,BACKTEST_INIT
822728,Washington Nationals,Miami Marlins,0.4909090909090909,0.509090909090909,0.018181818181818132,3.7006542829662044,6.348918788226805,BACKTEST_INIT
822729,Washington Nationals,San Diego Padres,0.5779816513761468,0.42201834862385323,0.15596330275229353,9.203315436370989,4.867934465601863,BACKTEST_INIT
822730,Washington Nationals,Miami Marlins,0.5787234042553191,0.4212765957446809,0.1574468085106382,5.869489879146219,2.2528596931231575,BACKTEST_INIT
822731,Washington Nationals,San Diego Padres,0.4861878453038674,0.5138121546961326,0.027624309392265234,4.1001583849421674,6.213942084475998,BACKTEST_INIT
822732,Washington Nationals,San Diego Padres,0.5750000000000001,0.42499999999999993,0.15000000000000013,3.3892965586421466,1.5268335342088153,BACKTEST_INIT
822733,Washington Nationals,New York Mets,0.5706806282722513,0.4293193717277487,0.1413612565445026,7.509871335936673,4.648778704162684,BACKTEST_INIT
822734,Washington Nationals,New York Mets,0.3333333333333333,0.6666666666666667,0.3333333333333334,2.8581403713897435,7.788508411312877,BACKTEST_INIT
822735,Washington Nationals,New York Mets,0.5706806282722513,0.4293193717277487,0.1413612565445026,7.750627477013813,6.264409038315888,BACKTEST_INIT
822736,Washington Nationals,New York Mets,0.5126353790613718,0.4873646209386282,0.025270758122743597,6.4467399999112285,9.418970137220906,BACKTEST_INIT
822737,Washington Nationals,Baltimore Orioles,0.5168539325842697,0.4831460674157303,0.03370786516853941,1.7953800681066265,2.0001541634993414,BACKTEST_INIT
822738,Washington Nationals,Baltimore Orioles,0.6666666666666666,0.33333333333333337,0.33333333333333326,9.928286180030847,2.2769474319339955,BACKTEST_INIT
822739,Washington Nationals,Baltimore Orioles,0.3333333333333333,0.6666666666666667,0.3333333333333334,1.2905990966591072,7.637968921759478,BACKTEST_INIT
822740,Washington Nationals,Minnesota Twins,0.3333333333333333,0.6666666666666667,0.3333333333333334,3.1514598973272836,9.9523809877443,BACKTEST_INIT
822741,Washington Nationals,Minnesota Twins,0.6666666666666666,0.33333333333333337,0.33333333333333326,10.234851623409083,1.242281009754868,BACKTEST_INIT
822742,Washington Nationals,Milwaukee Brewers,0.49999999999999994,0.5,5.551115123125783e-17,2.0250181164460863,4.960654965096976,BACKTEST_INIT
822743,Washington Nationals,Minnesota Twins,0.5636363636363636,0.4363636363636364,0.1272727272727272,3.1554758409498906,2.6024818193507393,BACKTEST_INIT
822744,Washington Nationals,Milwaukee Brewers,0.49999999999999994,0.5,5.551115123125783e-17,2.4214590633385784,6.108563219305767,BACKTEST_INIT
822745,Washington Nationals,Atlanta Braves,0.47058823529411764,0.5294117647058824,0.05882352941176472,6.797904446752217,7.693157360604985,BACKTEST_INIT
822746,Washington Nationals,Milwaukee Brewers,0.49999999999999994,0.5,5.551115123125783e-17,2.0564029055050987,5.850770645112927,BACKTEST_INIT
822747,Washington Nationals,Atlanta Braves,0.4653861544617848,0.5346138455382152,0.06922769107643045,3.7165735759537677,8.49068708467373,BACKTEST_INIT
822748,Washington Nationals,Atlanta Braves,0.5794392523364486,0.42056074766355145,0.1588785046728971,8.872898651592834,4.575603044737506,BACKTEST_INIT
822749,Washington Nationals,Atlanta Braves,0.5931372549019608,0.4068627450980392,0.18627450980392157,4.2549755808221335,1.9289310768007883,BACKTEST_INIT
822750,Washington Nationals,San Francisco Giants,0.46938775510204084,0.5306122448979591,0.06122448979591827,4.744400846439831,7.2627688896698475,BACKTEST_INIT
822751,Washington Nationals,San Francisco Giants,0.3333333333333333,0.6666666666666667,0.3333333333333334,4.106749237755568,9.479848471883592,BACKTEST_INIT
822752,Washington Nationals,San Francisco Giants,0.5989010989010988,0.40109890109890123,0.19780219780219754,3.500315660828667,3.0317188445967465,BACKTEST_INIT
822753,Washington Nationals,St. Louis Cardinals,0.5966386554621849,0.40336134453781514,0.19327731092436973,6.100313291092362,6.021160117819189,BACKTEST_INIT
822754,Washington Nationals,St. Louis Cardinals,0.5945945945945946,0.4054054054054054,0.18918918918918926,8.510002896743611,6.099055697259903,BACKTEST_INIT
822755,Washington Nationals,St. Louis Cardinals,0.41379310344827586,0.5862068965517242,0.17241379310344834,3.6653689662705977,6.985399948202539,BACKTEST_INIT
822756,Washington Nationals,Los Angeles Dodgers,0.4782608695652174,0.5217391304347826,0.04347826086956519,5.4292476195742205,10.758192570184116,BACKTEST_INIT
822757,Washington Nationals,Los Angeles Dodgers,0.5,0.5,0.0,5.080219952745584,10.03530526401412,BACKTEST_INIT
822758,Washington Nationals,Los Angeles Dodgers,0.6323529411764706,0.36764705882352944,0.2647058823529411,3.396477757031446,2.013034936413087,BACKTEST_INIT
822766,Toronto Blue Jays,Seattle Mariners,0.5555555555555556,0.4444444444444444,0.11111111111111116,4.976417261640173,2.7416416698396793,BACKTEST_INIT
822769,Toronto Blue Jays,Seattle Mariners,0.5379939209726444,0.4620060790273556,0.07598784194528885,3.8470027214099307,3.6134198152308667,BACKTEST_INIT
822770,Toronto Blue Jays,Seattle Mariners,0.5555555555555556,0.4444444444444444,0.11111111111111116,6.921518508681114,2.555802744694042,BACKTEST_INIT
822771,Toronto Blue Jays,Kansas City Royals,0.5555555555555556,0.4444444444444444,0.11111111111111116,3.689689045479479,1.4039678843887171,BACKTEST_INIT
822772,Toronto Blue Jays,Kansas City Royals,0.49528301886792453,0.5047169811320755,0.009433962264150997,3.7349994058239364,5.390108070739764,BACKTEST_INIT
822773,Toronto Blue Jays,Kansas City Royals,0.49047619047619045,0.5095238095238095,0.019047619047619035,6.5538985283702615,8.253309312103942,BACKTEST_INIT
822774,Toronto Blue Jays,New York Yankees,0.495575221238938,0.5044247787610621,0.008849557522124074,2.5655755447927775,2.547638777308082,BACKTEST_INIT
822775,Toronto Blue Jays,New York Yankees,0.4964705882352941,0.5035294117647059,0.007058823529411784,1.7932499004849465,2.762257260177154,BACKTEST_INIT
822776,Toronto Blue Jays,Boston Red Sox,0.5502681600242576,0.4497318399757424,0.1005363200485152,4.89419195868652,3.0255955030543666,BACKTEST_INIT
822777,Toronto Blue Jays,New York Yankees,0.494949494949495,0.505050505050505,0.01010101010101,1.4414258961814017,3.1464446247399596,BACKTEST_INIT
822778,Toronto Blue Jays,Boston Red Sox,0.5245901639344261,0.47540983606557385,0.04918032786885229,2.298373335342066,2.078049642699257,BACKTEST_INIT
822779,Toronto Blue Jays,Boston Red Sox,0.5429447852760736,0.4570552147239264,0.08588957055214719,3.73032947602635,2.452874494205644,BACKTEST_INIT
822780,Toronto Blue Jays,Boston Red Sox,0.5555555555555556,0.4444444444444444,0.11111111111111116,7.2232490494881745,2.898732216190551,BACKTEST_INIT
822781,Toronto Blue Jays,St. Louis Cardinals,0.5555555555555556,0.4444444444444444,0.11111111111111116,3.033576416895082,1.2942912786964298,BACKTEST_INIT
822782,Toronto Blue Jays,St. Louis Cardinals,0.5555555555555556,0.4444444444444444,0.11111111111111116,2.786612182944548,1.2250784177651164,BACKTEST_INIT
822783,Toronto Blue Jays,St. Louis Cardinals,0.5555555555555556,0.4444444444444444,0.11111111111111116,3.684399519738874,1.1882438521733838,BACKTEST_INIT
822784,Toronto Blue Jays,Tampa Bay Rays,0.3333333333333333,0.6666666666666667,0.3333333333333334,2.1829687429309863,9.132765987137205,BACKTEST_INIT
822785,Toronto Blue Jays,Tampa Bay Rays,0.4962962962962963,0.5037037037037038,0.007407407407407474,2.165374312809725,3.6122088413461677,BACKTEST_INIT
822786,Toronto Blue Jays,Chicago White Sox,0.5577689243027888,0.4422310756972112,0.11553784860557759,2.7534496231141095,1.2041193476599674,BACKTEST_INIT
822787,Toronto Blue Jays,Tampa Bay Rays,0.49627791563275436,0.5037220843672456,0.007444168734491274,2.4835164328754056,6.758379458682622,BACKTEST_INIT
822788,Toronto Blue Jays,Tampa Bay Rays,0.5555555555555556,0.4444444444444444,0.11111111111111116,5.227095665040441,1.9924645510771497,BACKTEST_INIT
822789,Toronto Blue Jays,Chicago White Sox,0.3333333333333333,0.6666666666666667,0.3333333333333334,2.9469844154320315,7.616364167773639,BACKTEST_INIT
822790,Toronto Blue Jays,Chicago White Sox,0.3333333333333333,0.6666666666666667,0.3333333333333334,3.5786861904784164,9.681445578607063,BACKTEST_INIT
822791,Toronto Blue Jays,New York Mets,0.4863013698630137,0.5136986301369864,0.027397260273972657,1.4536769087898442,2.63856003593137,BACKTEST_INIT
822792,Toronto Blue Jays,New York Mets,0.4930555555555556,0.5069444444444444,0.01388888888888884,2.054181550392586,4.358281432540075,BACKTEST_INIT
822793,Toronto Blue Jays,New York Mets,0.5024630541871921,0.49753694581280794,0.004926108374384119,2.0275444358563344,2.348280701769842,BACKTEST_INIT
822794,Toronto Blue Jays,Texas Rangers,0.49645390070921985,0.5035460992907801,0.007092198581560238,3.830156381349995,4.857031179240395,BACKTEST_INIT
822795,Toronto Blue Jays,Texas Rangers,0.5,0.5,0.0,3.7460875565733605,5.9347572921312395,BACKTEST_INIT
822796,Toronto Blue Jays,Texas Rangers,0.49645390070921985,0.5035460992907801,0.007092198581560238,3.696047380416127,4.698176083615678,BACKTEST_INIT
822797,Toronto Blue Jays,Texas Rangers,0.5149700598802396,0.4850299401197604,0.029940119760479167,2.5153018395921247,2.457828753605999,BACKTEST_INIT
822798,Toronto Blue Jays,Houston Astros,0.5037037037037037,0.49629629629629635,0.007407407407407307,6.247415887989032,9.152645202858785,BACKTEST_INIT
822799,Toronto Blue Jays,Houston Astros,0.5614035087719298,0.4385964912280702,0.12280701754385959,2.186254480428109,1.3698015128077698,BACKTEST_INIT
822800,Toronto Blue Jays,Houston Astros,0.5093167701863354,0.49068322981366463,0.01863354037267073,1.1554479566714013,1.253412986565364,BACKTEST_INIT
822801,Toronto Blue Jays,New York Yankees,0.5008381743529771,0.49916182564702294,0.0016763487059541227,1.1186109847070445,3.744149302349544,BACKTEST_INIT
822802,Toronto Blue Jays,New York Yankees,0.5694444444444444,0.4305555555555556,0.13888888888888884,7.687569947553879,5.040477867048403,BACKTEST_INIT
822803,Toronto Blue Jays,New York Yankees,0.5027223230490018,0.4972776769509982,0.005444646098003547,3.4615064075936175,4.6751845104463525,BACKTEST_INIT
822804,Toronto Blue Jays,Philadelphia Phillies,0.5031645569620254,0.49683544303797456,0.006329113924050889,2.455669718495841,2.9259522465869763,BACKTEST_INIT
822805,Toronto Blue Jays,Philadelphia Phillies,0.49586776859504134,0.5041322314049587,0.008264462809917328,2.378099694937916,5.513377703406644,BACKTEST_INIT
822806,Toronto Blue Jays,Philadelphia Phillies,0.5639810426540284,0.4360189573459716,0.12796208530805675,7.433407209925319,5.695080629865847,BACKTEST_INIT
822807,Toronto Blue Jays,Baltimore Orioles,0.569377990430622,0.430622009569378,0.13875598086124397,4.617814734780133,3.461548560591174,BACKTEST_INIT
822808,Toronto Blue Jays,Baltimore Orioles,0.3333333333333333,0.6666666666666667,0.3333333333333334,2.774430972038252,9.081636994359116,BACKTEST_INIT
822809,Toronto Blue Jays,Miami Marlins,0.6666666666666666,0.33333333333333337,0.33333333333333326,7.701652536462683,1.244388038171675,BACKTEST_INIT
822810,Toronto Blue Jays,Baltimore Orioles,0.4960159362549801,0.5039840637450199,0.007968127490039834,2.67640508928829,4.778983442969874,BACKTEST_INIT
822811,Toronto Blue Jays,Miami Marlins,0.3333333333333333,0.6666666666666667,0.3333333333333334,2.7157581376407656,7.830588679247416,BACKTEST_INIT
822812,Toronto Blue Jays,Miami Marlins,0.5384615384615384,0.46153846153846156,0.07692307692307687,2.9253048873018868,2.4521238325597228,BACKTEST_INIT
822813,Toronto Blue Jays,Pittsburgh Pirates,0.5706806282722513,0.4293193717277487,0.1413612565445026,4.496175740390225,2.2722963327550483,BACKTEST_INIT
822814,Toronto Blue Jays,Pittsburgh Pirates,0.5706806282722513,0.4293193717277487,0.1413612565445026,4.262114582903902,2.301943217955979,BACKTEST_INIT
822815,Toronto Blue Jays,Tampa Bay Rays,0.5079365079365079,0.4920634920634921,0.015873015873015817,4.871850863509024,7.6539574163039585,BACKTEST_INIT
822816,Toronto Blue Jays,Pittsburgh Pirates,0.4983277591973244,0.5016722408026756,0.0033444816053511683,1.5010304457809063,2.4058653325453845,BACKTEST_INIT
822817,Toronto Blue Jays,Tampa Bay Rays,0.3333333333333333,0.6666666666666667,0.3333333333333334,2.767207066991641,7.3456264975126215,BACKTEST_INIT
822818,Toronto Blue Jays,Tampa Bay Rays,0.5106382978723404,0.4893617021276596,0.02127659574468077,1.063720342371108,3.054441560111189,BACKTEST_INIT
822819,Toronto Blue Jays,Los Angeles Angels,0.6666666666666666,0.33333333333333337,0.33333333333333326,8.151923900104265,1.4457895689377585,BACKTEST_INIT
822820,Toronto Blue Jays,Los Angeles Angels,0.564245810055866,0.43575418994413395,0.1284916201117321,2.664358346592339,1.5368732662099593,BACKTEST_INIT
822821,Toronto Blue Jays,Boston Red Sox,0.5621301775147929,0.4378698224852071,0.12426035502958577,2.4252599638892782,1.3372519543555295,BACKTEST_INIT
822822,Toronto Blue Jays,Los Angeles Angels,0.5082872928176796,0.4917127071823204,0.016574585635359185,2.9568203504528436,5.7980843272062925,BACKTEST_INIT
822823,Toronto Blue Jays,Boston Red Sox,0.5,0.5,0.0,2.29048863824491,4.945909256249225,BACKTEST_INIT
822824,Toronto Blue Jays,Cleveland Guardians,0.5606694560669456,0.4393305439330544,0.12133891213389125,5.206824292786038,4.289347314740855,BACKTEST_INIT
822825,Toronto Blue Jays,Boston Red Sox,0.5,0.5,0.0,3.1982969312910825,4.557308493444846,BACKTEST_INIT
822826,Toronto Blue Jays,Cleveland Guardians,0.49056603773584906,0.5094339622641509,0.018867924528301883,4.942726247748859,6.062041287867913,BACKTEST_INIT
822827,Toronto Blue Jays,Cleveland Guardians,0.5714285714285714,0.4285714285714286,0.1428571428571428,4.670783016533088,2.4470596892371,BACKTEST_INIT
822828,Toronto Blue Jays,Minnesota Twins,0.4444444444444444,0.5555555555555556,0.11111111111111116,3.8062273779632116,6.053507082892343,BACKTEST_INIT
822829,Toronto Blue Jays,Minnesota Twins,0.43137254901960786,0.5686274509803921,0.13725490196078427,1.9066333253020227,3.0482357856376683,BACKTEST_INIT
822830,Toronto Blue Jays,Minnesota Twins,0.6193816216601863,0.3806183783398137,0.23876324332037258,8.912384434055696,3.606766628563462,BACKTEST_INIT
822831,Toronto Blue Jays,Los Angeles Dodgers,0.3333333333333333,0.6666666666666667,0.3333333333333334,2.0012876897247014,8.304444689482624,BACKTEST_INIT
822832,Toronto Blue Jays,Los Angeles Dodgers,0.41379310344827586,0.5862068965517242,0.17241379310344834,2.3515987517907,5.441072034712681,BACKTEST_INIT
822833,Toronto Blue Jays,Los Angeles Dodgers,0.4523809523809524,0.5476190476190477,0.09523809523809529,2.2932645777985994,5.174829478734216,BACKTEST_INIT
822834,Toronto Blue Jays,Colorado Rockies,0.69768,0.30232,0.39536,4.4737392270490135,2.9292416348949173,BACKTEST_INIT
822835,Toronto Blue Jays,Colorado Rockies,0.6356299855390214,0.3643700144609786,0.2712599710780428,4.486457420704462,1.1061878928260072,BACKTEST_INIT
822836,Toronto Blue Jays,Colorado Rockies,0.5,0.5,0.0,4.888283185321122,9.335877792729617,BACKTEST_INIT
822837,Toronto Blue Jays,Athletics,0.63996,0.36004,0.27991999999999995,6.740986462003891,5.416774339009102,BACKTEST_INIT
822838,Toronto Blue Jays,Athletics,0.58724,0.41276,0.17447999999999997,4.079569407069931,3.5003217089197864,BACKTEST_INIT
822839,Toronto Blue Jays,Athletics,0.53152,0.46848,0.06303999999999998,3.656397284363365,3.513302745793038,BACKTEST_INIT
822848,Texas Rangers,Tampa Bay Rays,0.48214285714285715,0.5178571428571428,0.03571428571428564,3.541368968432269,5.7755396423880505,BACKTEST_INIT
822850,Texas Rangers,Tampa Bay Rays,0.4864864864864865,0.5135135135135135,0.027027027027026973,5.228453403365045,6.619400522534985,BACKTEST_INIT
822851,Texas Rangers,Athletics,0.5555555555555556,0.4444444444444444,0.11111111111111116,8.040981474364816,3.817163467609624,BACKTEST_INIT
822852,Texas Rangers,Tampa Bay Rays,0.5555555555555556,0.4444444444444444,0.11111111111111116,4.85704642865154,1.9663293487337994,BACKTEST_INIT
822853,Texas Rangers,Tampa Bay Rays,0.4909090909090909,0.509090909090909,0.018181818181818132,3.1274252521696644,5.820283613839046,BACKTEST_INIT
822854,Texas Rangers,Athletics,0.6666666666666666,0.33333333333333337,0.33333333333333326,8.080872175058003,2.578554456197911,BACKTEST_INIT
822855,Texas Rangers,Athletics,0.5555555555555556,0.4444444444444444,0.11111111111111116,6.168152919641376,3.72544528309177,BACKTEST_INIT
822856,Texas Rangers,Los Angeles Angels,0.4880382775119617,0.5119617224880383,0.02392344497607657,1.3971754534446565,2.5970115846359025,BACKTEST_INIT
822857,Texas Rangers,Los Angeles Angels,0.49038461538461536,0.5096153846153846,0.019230769230769218,1.8543957682103476,3.541143142644988,BACKTEST_INIT
822858,Texas Rangers,Los Angeles Angels,0.49038461538461536,0.5096153846153846,0.019230769230769218,1.885565896623435,2.851168452637379,BACKTEST_INIT
822859,Texas Rangers,Washington Nationals,0.4927536231884058,0.5072463768115942,0.014492753623188415,1.9932028670086503,5.121169960116597,BACKTEST_INIT
822860,Texas Rangers,Washington Nationals,0.5555555555555556,0.4444444444444444,0.11111111111111116,3.9699316485545917,1.498675167428204,BACKTEST_INIT
822861,Texas Rangers,Washington Nationals,0.49038461538461536,0.5096153846153846,0.019230769230769218,1.623090541324407,4.390420045885578,BACKTEST_INIT
822862,Texas Rangers,Baltimore Orioles,0.5555555555555556,0.4444444444444444,0.11111111111111116,4.206971719654626,1.4192359968356842,BACKTEST_INIT
822863,Texas Rangers,Baltimore Orioles,0.6091907553399368,0.39080924466006317,0.21838151067987366,5.256125801025108,1.4956288839451741,BACKTEST_INIT
822864,Texas Rangers,Baltimore Orioles,0.5555555555555556,0.4444444444444444,0.11111111111111116,2.6799903934704234,1.3210138562816165,BACKTEST_INIT
822865,Texas Rangers,San Francisco Giants,0.49878934624697335,0.5012106537530266,0.002421307506053294,2.3476493547963866,5.2154087333628985,BACKTEST_INIT
822866,Texas Rangers,San Francisco Giants,0.4975845410628019,0.5024154589371981,0.004830917874396157,4.109288713419961,5.171868035844324,BACKTEST_INIT
822867,Texas Rangers,San Francisco Giants,0.4975728155339806,0.5024271844660194,0.004854368932038833,3.47401995991247,6.821248285487187,BACKTEST_INIT
822868,Texas Rangers,Seattle Mariners,0.5124760076775432,0.4875239923224568,0.0249520153550864,5.299740690170994,4.981551887111582,BACKTEST_INIT
822869,Texas Rangers,Seattle Mariners,0.5472972972972973,0.45270270270270274,0.09459459459459452,3.695961306451227,3.193939973158,BACKTEST_INIT
822870,Texas Rangers,Seattle Mariners,0.5555555555555556,0.4444444444444444,0.11111111111111116,5.670072529435613,2.0572544038145084,BACKTEST_INIT
822871,Texas Rangers,Chicago White Sox,0.3333333333333333,0.6666666666666667,0.3333333333333334,3.123201021843608,10.052286952575315,BACKTEST_INIT
822872,Texas Rangers,Seattle Mariners,0.4962962962962963,0.5037037037037038,0.007407407407407474,2.1936106365305683,2.8009270077684985,BACKTEST_INIT
822873,Texas Rangers,Chicago White Sox,0.6666666666666666,0.33333333333333337,0.33333333333333326,9.077097742038205,1.191535147289239,BACKTEST_INIT
822874,Texas Rangers,Chicago White Sox,0.49617151607963245,0.5038284839203675,0.007656967840735052,2.7577561918512807,3.526887460765828,BACKTEST_INIT
822875,Texas Rangers,Houston Astros,0.5555555555555556,0.4444444444444444,0.11111111111111116,7.472452488140755,4.0001647734494234,BACKTEST_INIT
822876,Texas Rangers,Houston Astros,0.3333333333333333,0.6666666666666667,0.3333333333333334,2.9075362831232114,7.690404550396844,BACKTEST_INIT
822877,Texas Rangers,Los Angeles Angels,0.3333333333333333,0.6666666666666667,0.3333333333333334,1.621154491311621,8.911422350243463,BACKTEST_INIT
822878,Texas Rangers,Houston Astros,0.5573770491803278,0.4426229508196722,0.11475409836065564,6.722631594869869,4.05508256740218,BACKTEST_INIT
822879,Texas Rangers,Detroit Tigers,0.49019607843137253,0.5098039215686274,0.019607843137254888,1.2316707717330502,3.8732628633451527,BACKTEST_INIT
822880,Texas Rangers,Los Angeles Angels,0.5578512396694215,0.4421487603305785,0.11570247933884303,7.3961845787556255,3.1957470027482957,BACKTEST_INIT
822881,Texas Rangers,Los Angeles Angels,0.5252525252525253,0.4747474747474747,0.05050505050505061,3.3083869282832614,2.8877522104412705,BACKTEST_INIT
822882,Texas Rangers,Detroit Tigers,0.5654008438818565,0.4345991561181435,0.13080168776371304,9.528014766480442,4.815082927033959,BACKTEST_INIT
822883,Texas Rangers,San Diego Padres,0.5075757575757577,0.4924242424242423,0.01515151515151536,4.718397815459513,6.7553269962816795,BACKTEST_INIT
822884,Texas Rangers,Detroit Tigers,0.4900662251655629,0.509933774834437,0.019867549668874107,5.466949167969968,8.099576109200244,BACKTEST_INIT
822885,Texas Rangers,San Diego Padres,0.5663716814159292,0.4336283185840708,0.1327433628318584,8.514625791978027,5.959292631003919,BACKTEST_INIT
822886,Texas Rangers,San Diego Padres,0.3333333333333333,0.6666666666666667,0.3333333333333334,2.0716651916806215,6.548660359054594,BACKTEST_INIT
822887,Texas Rangers,Minnesota Twins,0.510593220338983,0.489406779661017,0.021186440677966045,5.088795998510932,5.161219913554532,BACKTEST_INIT
822888,Texas Rangers,Minnesota Twins,0.5116279069767442,0.4883720930232558,0.023255813953488413,3.034974234057469,4.654001832029529,BACKTEST_INIT
822889,Texas Rangers,Minnesota Twins,0.3333333333333333,0.6666666666666667,0.3333333333333334,2.7428844186355903,10.206164923700026,BACKTEST_INIT
822890,Texas Rangers,Cleveland Guardians,0.4990328820116054,0.5009671179883946,0.001934235976789156,1.7139544038918737,4.403050163259071,BACKTEST_INIT
822891,Texas Rangers,Cleveland Guardians,0.5700483091787439,0.42995169082125606,0.14009661835748788,3.860614571456008,2.7704596530788477,BACKTEST_INIT
822892,Texas Rangers,Cleveland Guardians,0.5700483091787439,0.42995169082125606,0.14009661835748788,4.6740359222542995,3.1563114427546486,BACKTEST_INIT
822893,Texas Rangers,Kansas City Royals,0.6666666666666666,0.33333333333333337,0.33333333333333326,7.893905219269531,2.1347183354690618,BACKTEST_INIT
822894,Texas Rangers,Kansas City Royals,0.4795539033457249,0.5204460966542751,0.040892193308550207,3.078189642940732,4.026701089958409,BACKTEST_INIT
822895,Texas Rangers,Kansas City Royals,0.5779816513761468,0.42201834862385323,0.15596330275229353,8.165099998260478,5.09244486348346,BACKTEST_INIT
822896,Texas Rangers,Houston Astros,0.48295454545454547,0.5170454545454546,0.034090909090909116,1.293544610849691,4.1770669025492415,BACKTEST_INIT
822897,Texas Rangers,Houston Astros,0.5751295336787565,0.4248704663212435,0.15025906735751304,9.982956879122213,8.098732655161085,BACKTEST_INIT
822898,Texas Rangers,Houston Astros,0.3333333333333333,0.6666666666666667,0.3333333333333334,1.532393035825623,8.15735849869447,BACKTEST_INIT
822899,Texas Rangers,Houston Astros,0.49230769230769234,0.5076923076923077,0.01538461538461533,1.9899697096841216,4.718360195649697,BACKTEST_INIT
822900,Texas Rangers,Arizona Diamondbacks,0.5683060109289617,0.4316939890710383,0.13661202185792343,6.397181920011743,2.5667849571914854,BACKTEST_INIT
822901,Texas Rangers,Arizona Diamondbacks,0.565934065934066,0.43406593406593397,0.13186813186813207,3.6895964305056346,1.6359052629826933,BACKTEST_INIT
822902,Texas Rangers,Chicago Cubs,0.5790282017316517,0.4209717982683483,0.1580564034633034,5.005294014812765,1.4126830817285319,BACKTEST_INIT
822903,Texas Rangers,Arizona Diamondbacks,0.5393939393939394,0.4606060606060606,0.07878787878787885,1.6168457176111684,1.5877892698976594,BACKTEST_INIT
822904,Texas Rangers,Chicago Cubs,0.3333333333333333,0.6666666666666667,0.3333333333333334,4.23864506845865,10.190304835717761,BACKTEST_INIT
822905,Texas Rangers,Chicago Cubs,0.3333333333333333,0.6666666666666667,0.3333333333333334,2.3658281962051486,7.037605256250009,BACKTEST_INIT
822906,Texas Rangers,New York Yankees,0.5612648221343873,0.43873517786561267,0.12252964426877466,2.7662126276561483,2.3035592987027025,BACKTEST_INIT
822907,Texas Rangers,New York Yankees,0.5,0.5,0.0,2.526279349356532,3.0744337395275463,BACKTEST_INIT
822908,Texas Rangers,New York Yankees,0.5,0.5,0.0,2.5592084147176744,2.935434393935129,BACKTEST_INIT
822909,Texas Rangers,Athletics,0.5714285714285714,0.4285714285714286,0.1428571428571428,6.684649369285243,3.1602760461835837,BACKTEST_INIT
822910,Texas Rangers,Athletics,0.3333333333333333,0.6666666666666667,0.3333333333333334,1.634454650324221,6.913822468827891,BACKTEST_INIT
822911,Texas Rangers,Athletics,0.5,0.5,0.0,2.649924060202827,3.5059360154721664,BACKTEST_INIT
822912,Texas Rangers,Pittsburgh Pirates,0.47058823529411764,0.5294117647058824,0.05882352941176472,4.439511942397297,9.021726000526604,BACKTEST_INIT
822913,Texas Rangers,Pittsburgh Pirates,0.5794392523364486,0.42056074766355145,0.1588785046728971,4.420963612648522,1.755054654573936,BACKTEST_INIT
822914,Texas Rangers,Pittsburgh Pirates,0.46938775510204084,0.5306122448979591,0.06122448979591827,3.9185488373342476,6.223213570467408,BACKTEST_INIT
822915,Texas Rangers,Seattle Mariners,0.5966386554621849,0.40336134453781514,0.19327731092436973,2.945112788717308,2.3688540367593713,BACKTEST_INIT
822916,Texas Rangers,Seattle Mariners,0.5945945945945946,0.4054054054054054,0.18918918918918926,2.9241699772995777,2.4755909522306996,BACKTEST_INIT
822917,Texas Rangers,Cincinnati Reds,0.4782608695652174,0.5217391304347826,0.04347826086956519,1.564537009853661,2.8671857046303537,BACKTEST_INIT
822918,Texas Rangers,Seattle Mariners,0.41379310344827586,0.5862068965517242,0.17241379310344834,2.956218360280983,4.517244104022838,BACKTEST_INIT
822919,Texas Rangers,Cincinnati Reds,0.6323529411764706,0.36764705882352944,0.2647058823529411,6.568552479792179,4.325148230675977,BACKTEST_INIT
822920,Texas Rangers,Cincinnati Reds,0.5,0.5,0.0,3.6425331713981786,4.535428642990954,BACKTEST_INIT
822929,Tampa Bay Rays,New York Mets,0.4908256880733945,0.5091743119266054,0.018348623853210955,2.5015553851257044,3.0816279741849213,BACKTEST_INIT
822931,Tampa Bay Rays,New York Mets,0.5555555555555556,0.4444444444444444,0.11111111111111116,5.108222529672459,2.943297652182722,BACKTEST_INIT
822932,Tampa Bay Rays,New York Mets,0.5555555555555556,0.4444444444444444,0.11111111111111116,6.299059812058255,3.399284618439025,BACKTEST_INIT
822933,Tampa Bay Rays,San Diego Padres,0.5555555555555556,0.4444444444444444,0.11111111111111116,8.058068221509721,5.018731311177405,BACKTEST_INIT
822934,Tampa Bay Rays,Toronto Blue Jays,0.5227722772277228,0.4772277227722772,0.045544554455445585,5.915964562650975,5.9479258095969385,BACKTEST_INIT
822935,Tampa Bay Rays,San Diego Padres,0.4930232558139535,0.5069767441860464,0.013953488372092926,1.2698463696045392,2.1383245863906843,BACKTEST_INIT
822936,Tampa Bay Rays,San Diego Padres,0.6666666666666666,0.33333333333333337,0.33333333333333326,9.111277990264377,2.6664784062800635,BACKTEST_INIT
822937,Tampa Bay Rays,Toronto Blue Jays,0.49038461538461536,0.5096153846153846,0.019230769230769218,5.924983523351436,8.930472711544938,BACKTEST_INIT
822938,Tampa Bay Rays,Toronto Blue Jays,0.5424848111296997,0.4575151888703003,0.08496962225939941,5.709858332843222,3.74020827805613,BACKTEST_INIT
822939,Tampa Bay Rays,Baltimore Orioles,0.3333333333333333,0.6666666666666667,0.3333333333333334,3.0820789196853013,8.969085924034978,BACKTEST_INIT
822940,Tampa Bay Rays,Baltimore Orioles,0.495575221238938,0.5044247787610621,0.008849557522124074,4.250168066327885,4.846152210282743,BACKTEST_INIT
822941,Tampa Bay Rays,Baltimore Orioles,0.5408653846153846,0.4591346153846154,0.08173076923076916,5.282968986522494,4.8251607922699815,BACKTEST_INIT
822942,Tampa Bay Rays,Baltimore Orioles,0.5555555555555556,0.4444444444444444,0.11111111111111116,6.969017048879616,4.38901038168112,BACKTEST_INIT
822943,Tampa Bay Rays,Chicago White Sox,0.49756097560975604,0.5024390243902439,0.004878048780487865,1.6140538569952132,1.7801214797659735,BACKTEST_INIT
822944,Tampa Bay Rays,Chicago White Sox,0.5,0.5,0.0,1.799505584672846,4.770593423863781,BACKTEST_INIT
822945,Tampa Bay Rays,Chicago White Sox,0.5111111111111111,0.48888888888888893,0.022222222222222143,2.1602722919747936,2.1769486038352177,BACKTEST_INIT
822946,Tampa Bay Rays,Texas Rangers,0.5431309904153354,0.4568690095846646,0.08626198083067083,2.2980200952762155,1.8076454254892234,BACKTEST_INIT
822947,Tampa Bay Rays,Texas Rangers,0.4975369458128079,0.5024630541871922,0.004926108374384286,2.071841079568349,3.2888752256347096,BACKTEST_INIT
822948,Tampa Bay Rays,Cleveland Guardians,0.6666666666666666,0.33333333333333337,0.33333333333333326,9.17673373458468,2.509350022926688,BACKTEST_INIT
822949,Tampa Bay Rays,Texas Rangers,0.4975369458128079,0.5024630541871922,0.004926108374384286,2.652873714362174,2.8482548022090564,BACKTEST_INIT
822950,Tampa Bay Rays,Cleveland Guardians,0.5488215488215488,0.45117845117845123,0.09764309764309753,2.299567725245409,1.679337189254999,BACKTEST_INIT
822951,Tampa Bay Rays,Seattle Mariners,0.5555555555555556,0.4444444444444444,0.11111111111111116,5.938826588585181,2.3985656316318904,BACKTEST_INIT
822952,Tampa Bay Rays,Cleveland Guardians,0.4962962962962963,0.5037037037037038,0.007407407407407474,2.2249084846979925,2.5965922120037908,BACKTEST_INIT
822953,Tampa Bay Rays,Seattle Mariners,0.5555555555555556,0.4444444444444444,0.11111111111111116,6.558818807254809,3.23033280817517,BACKTEST_INIT
822954,Tampa Bay Rays,New York Yankees,0.5578512396694215,0.4421487603305785,0.11570247933884303,3.9348127025316226,1.728218335978462,BACKTEST_INIT
822955,Tampa Bay Rays,Seattle Mariners,0.5000000000000001,0.4999999999999999,2.220446049250313e-16,3.4891352406164318,3.8648273175591,BACKTEST_INIT
822956,Tampa Bay Rays,New York Yankees,0.4840764331210191,0.5159235668789809,0.031847133757961776,2.595518019971716,3.383693298479354,BACKTEST_INIT
822957,Tampa Bay Rays,New York Yankees,0.5578512396694215,0.4421487603305785,0.11570247933884303,4.418145887099537,3.232242682178934,BACKTEST_INIT
822958,Tampa Bay Rays,New York Yankees,0.5625,0.4375,0.125,2.8575644633947164,1.6455116601242643,BACKTEST_INIT
822959,Tampa Bay Rays,Arizona Diamondbacks,0.5627705627705628,0.4372294372294372,0.12554112554112562,4.486907574210073,1.5382688008281562,BACKTEST_INIT
822960,Tampa Bay Rays,Arizona Diamondbacks,0.5633187772925764,0.4366812227074236,0.1266375545851528,4.841410529604459,1.4269282280540345,BACKTEST_INIT
822961,Tampa Bay Rays,Kansas City Royals,0.5614035087719298,0.4385964912280702,0.12280701754385959,4.4293942062584595,1.8030695406267792,BACKTEST_INIT
822962,Tampa Bay Rays,Arizona Diamondbacks,0.5633187772925764,0.4366812227074236,0.1266375545851528,3.3691140116948297,1.3621550406438803,BACKTEST_INIT
822963,Tampa Bay Rays,Kansas City Royals,0.5093167701863354,0.49068322981366463,0.01863354037267073,2.306894951057359,2.925549610167608,BACKTEST_INIT
822964,Tampa Bay Rays,Kansas City Royals,0.5614035087719298,0.4385964912280702,0.12280701754385959,5.726188833061848,3.9917865717040097,BACKTEST_INIT
822965,Tampa Bay Rays,Kansas City Royals,0.5,0.5,0.0,4.167192412523272,9.47659886927076,BACKTEST_INIT
822966,Tampa Bay Rays,Washington Nationals,0.5093167701863354,0.49068322981366463,0.01863354037267073,3.9626171304353863,4.507243662156183,BACKTEST_INIT
822967,Tampa Bay Rays,Washington Nationals,0.5663716814159292,0.4336283185840708,0.1327433628318584,4.04476629579397,2.8021969754555145,BACKTEST_INIT
822968,Tampa Bay Rays,Washington Nationals,0.5324675324675326,0.46753246753246736,0.06493506493506529,3.9241658747553645,3.477495501927817,BACKTEST_INIT
822969,Tampa Bay Rays,Boston Red Sox,0.5639810426540284,0.4360189573459716,0.12796208530805675,2.8847063940370417,2.2829148774024053,BACKTEST_INIT
822970,Tampa Bay Rays,Boston Red Sox,0.5639810426540284,0.4360189573459716,0.12796208530805675,3.1254084850458512,2.350117044140887,BACKTEST_INIT
822971,Tampa Bay Rays,Detroit Tigers,0.504950495049505,0.49504950495049505,0.00990099009900991,9.56712842493658,9.284815621198304,BACKTEST_INIT
822972,Tampa Bay Rays,Boston Red Sox,0.5380434782608695,0.4619565217391305,0.07608695652173902,2.8734945136576693,2.5335008344905563,BACKTEST_INIT
822973,Tampa Bay Rays,Detroit Tigers,0.3333333333333333,0.6666666666666667,0.3333333333333334,1.163910475468724,7.847823301263178,BACKTEST_INIT
822974,Tampa Bay Rays,Detroit Tigers,0.5787234042553191,0.4212765957446809,0.1574468085106382,3.290345345055782,1.5509600736237223,BACKTEST_INIT
822975,Tampa Bay Rays,Los Angeles Angels,0.5750000000000001,0.42499999999999993,0.15000000000000013,8.367966496456045,5.812499344182259,BACKTEST_INIT
822976,Tampa Bay Rays,Los Angeles Angels,0.3333333333333333,0.6666666666666667,0.3333333333333334,2.557014704865975,8.446913024210101,BACKTEST_INIT
822977,Tampa Bay Rays,Baltimore Orioles,0.5706806282722513,0.4293193717277487,0.1413612565445026,3.408192029287906,2.4538709400051966,BACKTEST_INIT
822978,Tampa Bay Rays,Los Angeles Angels,0.3333333333333333,0.6666666666666667,0.3333333333333334,2.1445442370273,7.134839563495164,BACKTEST_INIT
822979,Tampa Bay Rays,Baltimore Orioles,0.574468085106383,0.42553191489361697,0.14893617021276606,9.458061201335072,4.625353161117573,BACKTEST_INIT
822980,Tampa Bay Rays,Baltimore Orioles,0.5128205128205128,0.4871794871794872,0.02564102564102555,2.1965578146989158,3.030566355582087,BACKTEST_INIT
822981,Tampa Bay Rays,Miami Marlins,0.572972972972973,0.427027027027027,0.145945945945946,6.251938848896926,2.5683480497423674,BACKTEST_INIT
822982,Tampa Bay Rays,Miami Marlins,0.5185185185185187,0.4814814814814813,0.037037037037037424,5.582957141560992,9.372583205520726,BACKTEST_INIT
822983,Tampa Bay Rays,Miami Marlins,0.572972972972973,0.427027027027027,0.145945945945946,4.678402910958367,2.61122562082443,BACKTEST_INIT
822984,Tampa Bay Rays,Toronto Blue Jays,0.5592592592592592,0.44074074074074077,0.11851851851851847,2.5516311016076987,1.3749053498100028,BACKTEST_INIT
822985,Tampa Bay Rays,Toronto Blue Jays,0.5624999999999999,0.4375000000000001,0.12499999999999978,3.8232451709087796,1.7908856072053747,BACKTEST_INIT
822986,Tampa Bay Rays,Toronto Blue Jays,0.5636363636363636,0.4363636363636364,0.1272727272727272,3.7569938096277697,1.348100659268794,BACKTEST_INIT
822987,Tampa Bay Rays,San Francisco Giants,0.5572519083969466,0.4427480916030534,0.11450381679389321,3.8521753405335875,1.528852241776595,BACKTEST_INIT
822988,Tampa Bay Rays,San Francisco Giants,0.5555555555555556,0.4444444444444444,0.11111111111111116,3.282228689965713,1.6883801661901623,BACKTEST_INIT
822989,Tampa Bay Rays,Minnesota Twins,0.5622317596566523,0.4377682403433477,0.12446351931330457,6.867251682341719,3.2258091784424683,BACKTEST_INIT
822990,Tampa Bay Rays,San Francisco Giants,0.5559322033898305,0.4440677966101695,0.11186440677966103,3.114915480499894,2.193770354187842,BACKTEST_INIT
822991,Tampa Bay Rays,Minnesota Twins,0.5606694560669456,0.4393305439330544,0.12133891213389125,6.1802710890215415,2.784984716260539,BACKTEST_INIT
822992,Tampa Bay Rays,Minnesota Twins,0.5714285714285714,0.4285714285714286,0.1428571428571428,7.41832221364581,3.224333083116857,BACKTEST_INIT
822993,Tampa Bay Rays,Cincinnati Reds,0.47058823529411764,0.5294117647058824,0.05882352941176472,4.8191599394133,8.637939733715559,BACKTEST_INIT
822994,Tampa Bay Rays,Cincinnati Reds,0.46938775510204084,0.5306122448979591,0.06122448979591827,2.7801934390072263,4.216481781600913,BACKTEST_INIT
822995,Tampa Bay Rays,Cincinnati Reds,0.46938775510204084,0.5306122448979591,0.06122448979591827,2.056926498256335,4.987663920574952,BACKTEST_INIT
822996,Tampa Bay Rays,New York Yankees,0.5955882352941176,0.40441176470588236,0.19117647058823528,3.585405787452102,2.61341823148227,BACKTEST_INIT
822997,Tampa Bay Rays,New York Yankees,0.43137254901960786,0.5686274509803921,0.13725490196078427,2.2426125728094273,2.48972286019606,BACKTEST_INIT
822998,Tampa Bay Rays,New York Yankees,0.5972222222222222,0.4027777777777778,0.19444444444444442,4.234827727315729,3.177578570976426,BACKTEST_INIT
822999,Tampa Bay Rays,Chicago Cubs,0.5945945945945946,0.4054054054054054,0.18918918918918926,5.5227902600994305,2.8323471337356594,BACKTEST_INIT
823000,Tampa Bay Rays,Chicago Cubs,0.3333333333333333,0.6666666666666667,0.3333333333333334,2.922225552132931,9.4195718589423,BACKTEST_INIT
823002,Tampa Bay Rays,Chicago Cubs,0.6057692307692307,0.3942307692307693,0.21153846153846145,5.381646261773968,2.1067286321560594,BACKTEST_INIT
823010,St. Louis Cardinals,Pittsburgh Pirates,0.48847926267281105,0.511520737327189,0.02304147465437789,2.8964530334842253,4.969963781518933,BACKTEST_INIT
823011,St. Louis Cardinals,Pittsburgh Pirates,0.5386934673366834,0.46130653266331656,0.07738693467336688,3.4105059649473555,2.2842532352967644,BACKTEST_INIT
823013,St. Louis Cardinals,Pittsburgh Pirates,0.5161290322580645,0.4838709677419355,0.032258064516129004,2.8862690341795254,3.098962645111505,BACKTEST_INIT
823014,St. Louis Cardinals,Baltimore Orioles,0.49295774647887325,0.5070422535211268,0.014084507042253502,6.423676934747982,8.933374858988145,BACKTEST_INIT
823015,St. Louis Cardinals,Baltimore Orioles,0.3333333333333333,0.6666666666666667,0.3333333333333334,1.1742594553241186,8.970256337577192,BACKTEST_INIT
823016,St. Louis Cardinals,Baltimore Orioles,0.5555555555555556,0.4444444444444444,0.11111111111111116,7.514937375731782,3.1503991183624303,BACKTEST_INIT
823017,St. Louis Cardinals,Philadelphia Phillies,0.5522420826550708,0.4477579173449292,0.1044841653101416,3.1595753720764943,1.7545173047297538,BACKTEST_INIT
823018,St. Louis Cardinals,Philadelphia Phillies,0.4976303317535545,0.5023696682464456,0.0047393364928911,4.468834613488021,5.374450905584918,BACKTEST_INIT
823019,St. Louis Cardinals,Philadelphia Phillies,0.4976303317535545,0.5023696682464456,0.0047393364928911,5.058732964912069,6.123302169469969,BACKTEST_INIT
823020,St. Louis Cardinals,Colorado Rockies,0.5,0.5,0.0,5.285673674480641,9.273130338527475,BACKTEST_INIT
823021,St. Louis Cardinals,Colorado Rockies,0.5483870967741935,0.4516129032258065,0.09677419354838701,2.860892994311281,1.7381000546783318,BACKTEST_INIT
823022,St. Louis Cardinals,Chicago Cubs,0.3333333333333333,0.6666666666666667,0.3333333333333334,2.9511144713973163,9.486863484985031,BACKTEST_INIT
823023,St. Louis Cardinals,Chicago Cubs,0.5555555555555556,0.4444444444444444,0.11111111111111116,2.921106799839047,1.4222659471419958,BACKTEST_INIT
823024,St. Louis Cardinals,Colorado Rockies,0.5472125948090902,0.45278740519090976,0.09442518961818047,3.0457664022927604,1.8055594739727412,BACKTEST_INIT
823025,St. Louis Cardinals,Chicago Cubs,0.5124760076775432,0.4875239923224568,0.0249520153550864,5.933590386202474,5.688792619858611,BACKTEST_INIT
823026,St. Louis Cardinals,Chicago Cubs,0.4975369458128079,0.5024630541871922,0.004926108374384286,4.399469473084564,7.102645964633534,BACKTEST_INIT
823027,St. Louis Cardinals,Cincinnati Reds,0.4962962962962963,0.5037037037037038,0.007407407407407474,2.5853190458767905,5.031233800985282,BACKTEST_INIT
823028,St. Louis Cardinals,Cincinnati Reds,0.6666666666666666,0.33333333333333337,0.33333333333333326,6.411889942269532,1.6906719756157007,BACKTEST_INIT
823029,St. Louis Cardinals,Atlanta Braves,0.5555555555555556,0.4444444444444444,0.11111111111111116,3.1722053215898565,1.2783901758387175,BACKTEST_INIT
823030,St. Louis Cardinals,Atlanta Braves,0.5555555555555556,0.4444444444444444,0.11111111111111116,2.8064021817564297,1.2915496328779035,BACKTEST_INIT
823031,St. Louis Cardinals,Cincinnati Reds,0.4962962962962963,0.5037037037037038,0.007407407407407474,2.5910716530153155,5.434145734468386,BACKTEST_INIT
823032,St. Louis Cardinals,Milwaukee Brewers,0.3333333333333333,0.6666666666666667,0.3333333333333334,2.674565597664334,9.61703678855392,BACKTEST_INIT
823033,St. Louis Cardinals,Atlanta Braves,0.3333333333333333,0.6666666666666667,0.3333333333333334,3.2385885090911963,9.43831454817978,BACKTEST_INIT
823034,St. Louis Cardinals,Milwaukee Brewers,0.5578512396694215,0.4421487603305785,0.11570247933884303,4.039085631132631,1.3572135403992518,BACKTEST_INIT
823035,St. Louis Cardinals,Milwaukee Brewers,0.4988399071925754,0.5011600928074246,0.002320185614849146,3.3488032552095874,3.3926533900613074,BACKTEST_INIT
823036,St. Louis Cardinals,Milwaukee Brewers,0.5033557046979866,0.49664429530201337,0.006711409395973256,3.543698025869748,3.132034544653532,BACKTEST_INIT
823037,St. Louis Cardinals,Miami Marlins,0.5,0.5,0.0,1.590149961711522,3.7826449259168524,BACKTEST_INIT
823038,St. Louis Cardinals,Miami Marlins,0.49645390070921985,0.5035460992907801,0.007092198581560238,1.7838180641626329,3.1604984050190907,BACKTEST_INIT
823039,St. Louis Cardinals,Miami Marlins,0.5633187772925764,0.4366812227074236,0.1266375545851528,4.201981027667392,2.5767494407709917,BACKTEST_INIT
823040,St. Louis Cardinals,Arizona Diamondbacks,0.5192878338278932,0.48071216617210677,0.03857566765578646,3.6462053176024494,3.3342465613086425,BACKTEST_INIT
823041,St. Louis Cardinals,Arizona Diamondbacks,0.5093167701863354,0.49068322981366463,0.01863354037267073,3.3045913178528963,3.3992608629091956,BACKTEST_INIT
823042,St. Louis Cardinals,Arizona Diamondbacks,0.4962962962962963,0.5037037037037038,0.007407407407407474,4.088060556397802,4.957597789604713,BACKTEST_INIT
823043,St. Louis Cardinals,Arizona Diamondbacks,0.5279503105590061,0.4720496894409939,0.055900621118012195,3.4332378956989964,3.063917198546708,BACKTEST_INIT
823044,St. Louis Cardinals,San Diego Padres,0.5703125,0.4296875,0.140625,2.7309148360160536,1.3676157535921474,BACKTEST_INIT
823045,St. Louis Cardinals,San Diego Padres,0.5714285714285714,0.4285714285714286,0.1428571428571428,2.8253567857004867,1.2972161774671496,BACKTEST_INIT
823046,St. Louis Cardinals,San Diego Padres,0.510593220338983,0.489406779661017,0.021186440677966045,2.7326882966183117,5.261995677570205,BACKTEST_INIT
823047,St. Louis Cardinals,Cincinnati Reds,0.569377990430622,0.430622009569378,0.13875598086124397,5.415583724771606,3.4639191652765713,BACKTEST_INIT
823048,St. Louis Cardinals,Cincinnati Reds,0.6666666666666666,0.33333333333333337,0.33333333333333326,9.83193380449092,2.478161787453359,BACKTEST_INIT
823049,St. Louis Cardinals,Cincinnati Reds,0.5700483091787439,0.42995169082125606,0.14009661835748788,3.6891113843382657,2.256088823971391,BACKTEST_INIT
823050,St. Louis Cardinals,Texas Rangers,0.5787234042553191,0.4212765957446809,0.1574468085106382,3.0646620230900212,2.3727818206805535,BACKTEST_INIT
823051,St. Louis Cardinals,Texas Rangers,0.4947916666666667,0.5052083333333333,0.010416666666666574,2.8774941382846997,6.18683617470146,BACKTEST_INIT
823052,St. Louis Cardinals,Texas Rangers,0.5,0.5,0.0,2.3311214896047816,2.433396056762664,BACKTEST_INIT
823053,St. Louis Cardinals,Chicago Cubs,0.49074074074074076,0.5092592592592593,0.018518518518518545,2.48636724159123,5.465888124224061,BACKTEST_INIT
823054,St. Louis Cardinals,Chicago Cubs,0.5412371134020618,0.4587628865979382,0.08247422680412364,4.48760171185754,4.114357584633877,BACKTEST_INIT
823055,St. Louis Cardinals,Chicago Cubs,0.4795539033457249,0.5204460966542751,0.040892193308550207,1.5761841536497414,3.216724600473179,BACKTEST_INIT
823056,St. Louis Cardinals,Pittsburgh Pirates,0.3333333333333333,0.6666666666666667,0.3333333333333334,1.1392386957677259,6.141790813745943,BACKTEST_INIT
823057,St. Louis Cardinals,Pittsburgh Pirates,0.5706806282722513,0.4293193717277487,0.1413612565445026,7.696308016185205,4.539475722724572,BACKTEST_INIT
823058,St. Louis Cardinals,Kansas City Royals,0.572972972972973,0.427027027027027,0.145945945945946,4.7393251009641455,3.136113056051026,BACKTEST_INIT
823059,St. Louis Cardinals,Pittsburgh Pirates,0.574468085106383,0.42553191489361697,0.14893617021276606,2.799671121991331,1.8255036924514274,BACKTEST_INIT
823060,St. Louis Cardinals,Kansas City Royals,0.572972972972973,0.427027027027027,0.145945945945946,5.42686729777893,4.401853026336203,BACKTEST_INIT
823061,St. Louis Cardinals,Kansas City Royals,0.572972972972973,0.427027027027027,0.145945945945946,6.294694893379383,4.960956315464152,BACKTEST_INIT
823062,St. Louis Cardinals,Milwaukee Brewers,0.4988399071925754,0.5011600928074246,0.002320185614849146,3.158354480061857,3.199710827182219,BACKTEST_INIT
823063,St. Louis Cardinals,Milwaukee Brewers,0.5555555555555556,0.4444444444444444,0.11111111111111116,1.8357920414807323,1.5028475081811172,BACKTEST_INIT
823064,St. Louis Cardinals,Milwaukee Brewers,0.49206349206349204,0.5079365079365079,0.015873015873015872,2.3454499283687067,5.995376638289374,BACKTEST_INIT
823065,St. Louis Cardinals,Los Angeles Dodgers,0.5572519083969466,0.4427480916030534,0.11450381679389321,4.0794019325306685,2.756995291374199,BACKTEST_INIT
823066,St. Louis Cardinals,Los Angeles Dodgers,0.5559322033898305,0.4440677966101695,0.11186440677966103,4.047299844727689,3.2756778010097642,BACKTEST_INIT
823067,St. Louis Cardinals,Los Angeles Dodgers,0.5555555555555556,0.4444444444444444,0.11111111111111116,5.309834401378105,2.8020362020319918,BACKTEST_INIT
823068,St. Louis Cardinals,Seattle Mariners,0.5606694560669456,0.4393305439330544,0.12133891213389125,8.765786160026167,8.387659835668108,BACKTEST_INIT
823069,St. Louis Cardinals,Seattle Mariners,0.47058823529411764,0.5294117647058824,0.05882352941176472,2.7227312755813733,3.6968505204200275,BACKTEST_INIT
823070,St. Louis Cardinals,Seattle Mariners,0.49056603773584906,0.5094339622641509,0.018867924528301883,2.5827699383016895,3.5586472302327383,BACKTEST_INIT
823071,St. Louis Cardinals,Cleveland Guardians,0.55,0.44999999999999996,0.10000000000000009,4.614474887027312,4.994778758796482,BACKTEST_INIT
823072,St. Louis Cardinals,Cleveland Guardians,0.3333333333333333,0.6666666666666667,0.3333333333333334,3.4683926901185544,8.669248558060056,BACKTEST_INIT
823073,St. Louis Cardinals,Cleveland Guardians,0.6026490066225165,0.3973509933774835,0.20529801324503305,7.372225070068012,5.459883326118098,BACKTEST_INIT
823074,St. Louis Cardinals,Boston Red Sox,0.5955882352941176,0.40441176470588236,0.19117647058823528,2.923481762256154,2.490972082312919,BACKTEST_INIT
823075,St. Louis Cardinals,Boston Red Sox,0.4168482207697895,0.5831517792302106,0.16630355846042105,2.480449339724709,6.697405793017926,BACKTEST_INIT
823076,St. Louis Cardinals,Boston Red Sox,0.6030534351145038,0.3969465648854962,0.20610687022900764,3.117575119097441,2.9298696499296817,BACKTEST_INIT
823077,St. Louis Cardinals,New York Mets,0.5,0.5,0.0,3.01858679520096,4.69737883092652,BACKTEST_INIT
823078,St. Louis Cardinals,New York Mets,0.6153846153846154,0.3846153846153846,0.23076923076923084,3.0548109495056974,1.8745044732984684,BACKTEST_INIT
823079,St. Louis Cardinals,Tampa Bay Rays,0.61774,0.38226,0.23547999999999997,6.677070074688243,5.474047553217614,BACKTEST_INIT
823080,St. Louis Cardinals,New York Mets,0.37886,0.62114,0.24228000000000005,5.128709388969886,6.144891027969036,BACKTEST_INIT
823081,St. Louis Cardinals,Tampa Bay Rays,0.43556,0.56444,0.12888000000000005,4.15484775817627,4.665139937937464,BACKTEST_INIT
823082,St. Louis Cardinals,Tampa Bay Rays,0.72896,0.27104,0.45792000000000005,8.44015090072207,5.818269870196828,BACKTEST_INIT
823091,Seattle Mariners,Athletics,0.48214285714285715,0.5178571428571428,0.03571428571428564,3.0814404117622605,6.378943782846009,BACKTEST_INIT
823093,Seattle Mariners,Athletics,0.48868778280542985,0.5113122171945701,0.022624434389140247,3.3829030592978855,6.530395482896851,BACKTEST_INIT
823094,Seattle Mariners,Athletics,0.4864864864864865,0.5135135135135135,0.027027027027026973,4.611423411242129,6.629809052034899,BACKTEST_INIT
823095,Seattle Mariners,Athletics,0.4909090909090909,0.509090909090909,0.018181818181818132,3.0326015675690403,6.1501523516451755,BACKTEST_INIT
823096,Seattle Mariners,Philadelphia Phillies,0.5555555555555556,0.4444444444444444,0.11111111111111116,4.491682882558585,1.9491864660126796,BACKTEST_INIT
823097,Seattle Mariners,Philadelphia Phillies,0.3333333333333333,0.6666666666666667,0.3333333333333334,2.448356145121956,7.226820947373282,BACKTEST_INIT
823098,Seattle Mariners,Philadelphia Phillies,0.6666666666666666,0.33333333333333337,0.33333333333333326,8.102219318779868,2.3700379228066515,BACKTEST_INIT
823099,Seattle Mariners,Chicago Cubs,0.5402298850574713,0.45977011494252873,0.08045977011494254,5.060268802864497,4.0226169505766,BACKTEST_INIT
823100,Seattle Mariners,Chicago Cubs,0.5386243386243387,0.46137566137566133,0.07724867724867734,5.059913054311378,4.013026863391062,BACKTEST_INIT
823101,Seattle Mariners,Chicago Cubs,0.5385996409335727,0.4614003590664273,0.07719928186714542,4.278140282055408,2.966442430284078,BACKTEST_INIT
823102,Seattle Mariners,Tampa Bay Rays,0.4988066825775656,0.5011933174224343,0.002386634844868729,1.7332370910174109,2.9302372109664465,BACKTEST_INIT
823103,Seattle Mariners,Tampa Bay Rays,0.3333333333333333,0.6666666666666667,0.3333333333333334,1.7833556806920252,5.973285269990953,BACKTEST_INIT
823104,Seattle Mariners,Tampa Bay Rays,0.5,0.5,0.0,1.7653071678940646,2.9202664243247294,BACKTEST_INIT
823105,Seattle Mariners,Detroit Tigers,0.5287958115183246,0.47120418848167545,0.05759162303664911,2.6524582590320267,2.2627992247600535,BACKTEST_INIT
823106,Seattle Mariners,Detroit Tigers,0.3333333333333333,0.6666666666666667,0.3333333333333334,1.8646576896212597,7.349362576632403,BACKTEST_INIT
823107,Seattle Mariners,Minnesota Twins,0.49756097560975604,0.5024390243902439,0.004878048780487865,3.1811224385547563,3.7319705847782187,BACKTEST_INIT
823108,Seattle Mariners,Detroit Tigers,0.3333333333333333,0.6666666666666667,0.3333333333333334,2.6118484919846754,7.118753128216456,BACKTEST_INIT
823109,Seattle Mariners,Minnesota Twins,0.5,0.5,0.0,2.9060335386616147,4.513937049769624,BACKTEST_INIT
823110,Seattle Mariners,Cincinnati Reds,0.5101449275362319,0.48985507246376814,0.020289855072463725,2.403366657190433,2.3788993902950093,BACKTEST_INIT
823111,Seattle Mariners,Minnesota Twins,0.5,0.5,0.0,2.827560629803351,4.129523504946175,BACKTEST_INIT
823112,Seattle Mariners,Cincinnati Reds,0.49617151607963245,0.5038284839203675,0.007656967840735052,4.777832148633225,5.795881468952011,BACKTEST_INIT
823113,Seattle Mariners,San Francisco Giants,0.4942528735632184,0.5057471264367817,0.01149425287356326,2.4748065748428885,3.7549623748024192,BACKTEST_INIT
823114,Seattle Mariners,Cincinnati Reds,0.6666666666666666,0.33333333333333337,0.33333333333333326,7.227407879465993,1.3749902372385492,BACKTEST_INIT
823115,Seattle Mariners,San Francisco Giants,0.5546218487394958,0.4453781512605042,0.10924369747899165,4.349923713716585,2.997902171397229,BACKTEST_INIT
823116,Seattle Mariners,San Francisco Giants,0.3333333333333333,0.6666666666666667,0.3333333333333334,1.6533869698458945,6.29789050351385,BACKTEST_INIT
823117,Seattle Mariners,Toronto Blue Jays,0.6666666666666666,0.33333333333333337,0.33333333333333326,7.908603650741577,2.0606618438915727,BACKTEST_INIT
823118,Seattle Mariners,Toronto Blue Jays,0.4934210526315789,0.506578947368421,0.01315789473684209,1.4557684748680277,3.154464758344985,BACKTEST_INIT
823119,Seattle Mariners,Los Angeles Angels,0.5622317596566524,0.4377682403433476,0.1244635193133048,6.717775572669886,3.1074901799482433,BACKTEST_INIT
823120,Seattle Mariners,Toronto Blue Jays,0.4900662251655629,0.509933774834437,0.019867549668874107,2.1281471060621184,4.921695393660394,BACKTEST_INIT
823121,Seattle Mariners,Los Angeles Angels,0.4930555555555556,0.5069444444444444,0.01388888888888884,1.805453004997654,4.495811512251356,BACKTEST_INIT
823122,Seattle Mariners,Los Angeles Angels,0.5627705627705628,0.4372294372294372,0.12554112554112562,4.434968531736443,3.1519181003850028,BACKTEST_INIT
823123,Seattle Mariners,Boston Red Sox,0.5075757575757577,0.4924242424242423,0.01515151515151536,2.2075079960813904,4.815445443918604,BACKTEST_INIT
823124,Seattle Mariners,Boston Red Sox,0.5644444444444444,0.4355555555555556,0.12888888888888883,3.203244585345556,2.2149826100245447,BACKTEST_INIT
823125,Seattle Mariners,Baltimore Orioles,0.5103448275862069,0.4896551724137931,0.020689655172413834,2.955456634087344,3.5673551399797176,BACKTEST_INIT
823126,Seattle Mariners,Boston Red Sox,0.5075757575757577,0.4924242424242423,0.01515151515151536,2.7405201805131916,4.663140445159925,BACKTEST_INIT
823127,Seattle Mariners,Baltimore Orioles,0.5703125,0.4296875,0.140625,2.926619008206209,2.048795215358466,BACKTEST_INIT
823128,Seattle Mariners,Baltimore Orioles,0.5116279069767442,0.4883720930232558,0.023255813953488413,2.9746248561112236,5.4175220555910135,BACKTEST_INIT
823129,Seattle Mariners,New York Mets,0.5765765765765766,0.42342342342342343,0.15315315315315314,3.7092559766875173,2.9741016102699898,BACKTEST_INIT
823130,Seattle Mariners,New York Mets,0.5756097560975609,0.42439024390243907,0.15121951219512186,6.548522050243313,3.030258111291056,BACKTEST_INIT
823131,Seattle Mariners,New York Mets,0.5787234042553191,0.4212765957446809,0.1574468085106382,4.143277418854973,3.3638190895387723,BACKTEST_INIT
823132,Seattle Mariners,Arizona Diamondbacks,0.4861878453038674,0.5138121546961326,0.027624309392265234,5.1231189924099185,5.128145672103672,BACKTEST_INIT
823133,Seattle Mariners,Arizona Diamondbacks,0.5779816513761468,0.42201834862385323,0.15596330275229353,4.795178436564246,2.070399354888693,BACKTEST_INIT
823134,Seattle Mariners,Chicago White Sox,0.5706806282722513,0.4293193717277487,0.1413612565445026,2.2860144974907985,1.3760616649429256,BACKTEST_INIT
823135,Seattle Mariners,Arizona Diamondbacks,0.4795539033457249,0.5204460966542751,0.040892193308550207,3.046788950528318,4.1537715052693365,BACKTEST_INIT
823136,Seattle Mariners,Chicago White Sox,0.6666666666666666,0.33333333333333337,0.33333333333333326,5.424799800425807,1.1608085057234285,BACKTEST_INIT
823137,Seattle Mariners,Chicago White Sox,0.5128205128205128,0.4871794871794872,0.02564102564102555,4.914780743456629,7.972631589724096,BACKTEST_INIT
823138,Seattle Mariners,San Diego Padres,0.5,0.5,0.0,2.424336003724578,6.021699284098209,BACKTEST_INIT
823139,Seattle Mariners,San Diego Padres,0.5168539325842697,0.4831460674157303,0.03370786516853941,1.5098472634535123,2.96183187180371,BACKTEST_INIT
823140,Seattle Mariners,San Diego Padres,0.572972972972973,0.427027027027027,0.145945945945946,5.650797090671242,3.200847538248449,BACKTEST_INIT
823141,Seattle Mariners,Atlanta Braves,0.5027932960893855,0.4972067039106145,0.005586592178770999,2.9239743947399583,3.662274028116374,BACKTEST_INIT
823142,Seattle Mariners,Atlanta Braves,0.49206349206349204,0.5079365079365079,0.015873015873015872,3.623151109171517,4.406238661567401,BACKTEST_INIT
823143,Seattle Mariners,Atlanta Braves,0.49206349206349204,0.5079365079365079,0.015873015873015872,2.291702598656725,4.380031667372762,BACKTEST_INIT
823144,Seattle Mariners,Kansas City Royals,0.5047619047619047,0.49523809523809526,0.00952380952380949,5.089775549430649,5.481128465581531,BACKTEST_INIT
823145,Seattle Mariners,Kansas City Royals,0.49999999999999994,0.5,5.551115123125783e-17,3.2989002561490466,4.086101898911416,BACKTEST_INIT
823146,Seattle Mariners,Kansas City Royals,0.5559322033898305,0.4440677966101695,0.11186440677966103,4.7070909528705265,3.5303766343055667,BACKTEST_INIT
823147,Seattle Mariners,Athletics,0.47058823529411764,0.5294117647058824,0.05882352941176472,3.1615436036883686,4.886967432489672,BACKTEST_INIT
823148,Seattle Mariners,Athletics,0.5857142857142857,0.41428571428571426,0.17142857142857149,4.6693395162248725,4.851904749558884,BACKTEST_INIT
823149,Seattle Mariners,Athletics,0.5931372549019608,0.4068627450980392,0.18627450980392157,7.3434650914954585,2.987293485556837,BACKTEST_INIT
823150,Seattle Mariners,Texas Rangers,0.5888324873096448,0.41116751269035523,0.17766497461928954,5.725325549964131,3.7912096107969897,BACKTEST_INIT
823151,Seattle Mariners,Texas Rangers,0.3333333333333333,0.6666666666666667,0.3333333333333334,1.8068127912740928,5.765933023949709,BACKTEST_INIT
823152,Seattle Mariners,Texas Rangers,0.513273810375671,0.486726189624329,0.026547620751341983,4.685485879013243,5.417634668793777,BACKTEST_INIT
823153,Seattle Mariners,Houston Astros,0.6426746024415091,0.3573253975584909,0.2853492048830182,6.517256885965486,1.959943227876141,BACKTEST_INIT
823154,Seattle Mariners,Houston Astros,0.5972222222222222,0.4027777777777778,0.19444444444444442,7.336271357412825,6.227765070367024,BACKTEST_INIT
823155,Seattle Mariners,Houston Astros,0.5955882352941176,0.40441176470588236,0.19117647058823528,7.133948446074104,5.4147221057755,BACKTEST_INIT
823156,Seattle Mariners,Houston Astros,0.43137254901960786,0.5686274509803921,0.13725490196078427,4.343746652961996,4.5917005301208595,BACKTEST_INIT
823157,Seattle Mariners,New York Yankees,0.5,0.5,0.0,2.1051985249924132,3.484341374837176,BACKTEST_INIT
823158,Seattle Mariners,New York Yankees,0.6428571428571429,0.3571428571428571,0.2857142857142858,2.641973019685817,2.1013299975737416,BACKTEST_INIT
823159,Seattle Mariners,New York Yankees,0.52848,0.47152,0.056959999999999955,2.5016541187554564,2.2455776015476716,BACKTEST_INIT
823160,Seattle Mariners,Cleveland Guardians,0.4895,0.5105,0.020999999999999963,4.691698302944278,4.741843403950599,BACKTEST_INIT
823161,Seattle Mariners,Cleveland Guardians,0.76488,0.23512,0.52976,4.048866975380348,2.0864257008334346,BACKTEST_INIT
823162,Seattle Mariners,Cleveland Guardians,0.33504,0.66496,0.32992,3.9787251364241043,5.385612816514905,BACKTEST_INIT
823163,Seattle Mariners,Cleveland Guardians,0.48622,0.51378,0.02756000000000003,3.2901014417552283,3.371329409720686,BACKTEST_INIT
823175,San Francisco Giants,St. Louis Cardinals,0.48214285714285715,0.5178571428571428,0.03571428571428564,3.065002865502316,5.616262592174572,BACKTEST_INIT
823176,San Francisco Giants,Arizona Diamondbacks,0.48847926267281105,0.511520737327189,0.02304147465437789,5.18450963115003,8.831758123428875,BACKTEST_INIT
823177,San Francisco Giants,Arizona Diamondbacks,0.48847926267281105,0.511520737327189,0.02304147465437789,5.147958838250423,8.769494228658703,BACKTEST_INIT
823178,San Francisco Giants,Arizona Diamondbacks,0.5555555555555556,0.4444444444444444,0.11111111111111116,4.854233492073753,2.3652790849936127,BACKTEST_INIT
823179,San Francisco Giants,Arizona Diamondbacks,0.49295774647887325,0.5070422535211268,0.014084507042253502,2.6824694984976825,5.119062048097865,BACKTEST_INIT
823180,San Francisco Giants,Cincinnati Reds,0.5555555555555556,0.4444444444444444,0.11111111111111116,3.69510909936891,1.487595264184156,BACKTEST_INIT
823181,San Francisco Giants,Cincinnati Reds,0.5555555555555556,0.4444444444444444,0.11111111111111116,4.206968307660768,1.6075672767517082,BACKTEST_INIT
823182,San Francisco Giants,Colorado Rockies,0.5845967252880536,0.4154032747119464,0.16919345057610724,6.630800816985616,2.3447567999281693,BACKTEST_INIT
823183,San Francisco Giants,Cincinnati Reds,0.5413223140495868,0.45867768595041325,0.0826446280991735,3.552528599402295,2.853050103340033,BACKTEST_INIT
823184,San Francisco Giants,Colorado Rockies,0.4964705882352941,0.5035294117647059,0.007058823529411784,2.020817359922718,3.763160519597914,BACKTEST_INIT
823185,San Francisco Giants,Colorado Rockies,0.495575221238938,0.5044247787610621,0.008849557522124074,2.0321005613809806,2.396802619348128,BACKTEST_INIT
823186,San Francisco Giants,Houston Astros,0.4976303317535545,0.5023696682464456,0.0047393364928911,3.3235743423439112,5.085289571830686,BACKTEST_INIT
823187,San Francisco Giants,Houston Astros,0.5541434848258131,0.4458565151741869,0.10828696965162621,3.550371061334435,2.1521192576952846,BACKTEST_INIT
823188,San Francisco Giants,Detroit Tigers,0.5483870967741935,0.4516129032258065,0.09677419354838701,3.0190698150851754,1.8018026283037845,BACKTEST_INIT
823189,San Francisco Giants,Houston Astros,0.4976303317535545,0.5023696682464456,0.0047393364928911,3.4654652349673807,4.055992120465606,BACKTEST_INIT
823190,San Francisco Giants,Detroit Tigers,0.3333333333333333,0.6666666666666667,0.3333333333333334,1.668899545047628,8.29600685947236,BACKTEST_INIT
823191,San Francisco Giants,Detroit Tigers,0.3333333333333333,0.6666666666666667,0.3333333333333334,1.1173644692708937,8.113551801286373,BACKTEST_INIT
823192,San Francisco Giants,Milwaukee Brewers,0.3333333333333333,0.6666666666666667,0.3333333333333334,2.8553700068429686,8.906013737192257,BACKTEST_INIT
823193,San Francisco Giants,Milwaukee Brewers,0.5555555555555556,0.4444444444444444,0.11111111111111116,3.2602037267045687,1.2315105105721975,BACKTEST_INIT
823194,San Francisco Giants,Los Angeles Angels,0.5860791051815918,0.4139208948184082,0.17215821036318357,8.416166725981316,3.1740210305683023,BACKTEST_INIT
823195,San Francisco Giants,Milwaukee Brewers,0.4975369458128079,0.5024630541871922,0.004926108374384286,3.1845242515823915,7.20098450075291,BACKTEST_INIT
823196,San Francisco Giants,Los Angeles Angels,0.4962962962962963,0.5037037037037038,0.007407407407407474,1.394983865097753,2.314722490278448,BACKTEST_INIT
823197,San Francisco Giants,Los Angeles Angels,0.5472972972972973,0.45270270270270274,0.09459459459459452,6.194003526061321,4.707032191236923,BACKTEST_INIT
823198,San Francisco Giants,Colorado Rockies,0.4909090909090909,0.509090909090909,0.018181818181818132,2.3418687162464247,3.0230602004416243,BACKTEST_INIT
823199,San Francisco Giants,Colorado Rockies,0.532967032967033,0.46703296703296704,0.06593406593406592,3.067967836652098,2.7608003631925606,BACKTEST_INIT
823200,San Francisco Giants,Colorado Rockies,0.6666666666666666,0.33333333333333337,0.33333333333333326,8.566927098222122,2.534041309275598,BACKTEST_INIT
823201,San Francisco Giants,Colorado Rockies,0.4876543209876543,0.5123456790123457,0.024691358024691412,2.4434370768317244,6.452121525463822,BACKTEST_INIT
823202,San Francisco Giants,Toronto Blue Jays,0.3333333333333333,0.6666666666666667,0.3333333333333334,2.5100492441994415,8.284485368697942,BACKTEST_INIT
823203,San Francisco Giants,Toronto Blue Jays,0.6666666666666666,0.33333333333333337,0.33333333333333326,8.776590267507277,2.4215936211857514,BACKTEST_INIT
823204,San Francisco Giants,Atlanta Braves,0.5627705627705628,0.4372294372294372,0.12554112554112562,3.679670440174298,2.1767302431454842,BACKTEST_INIT
823205,San Francisco Giants,Toronto Blue Jays,0.5625,0.4375,0.125,5.4349657684221295,4.010122629078818,BACKTEST_INIT
823206,San Francisco Giants,Atlanta Braves,0.5084745762711864,0.4915254237288136,0.016949152542372836,4.053515600301392,4.444011389054618,BACKTEST_INIT
823207,San Francisco Giants,Atlanta Braves,0.49645390070921985,0.5035460992907801,0.007092198581560238,2.5032854401164766,3.8075290415525602,BACKTEST_INIT
823208,San Francisco Giants,Athletics,0.5614035087719298,0.4385964912280702,0.12280701754385959,3.371702201398376,2.4785976481047434,BACKTEST_INIT
823209,San Francisco Giants,Athletics,0.5614035087719298,0.4385964912280702,0.12280701754385959,3.2616623120922332,2.3473428465082438,BACKTEST_INIT
823210,San Francisco Giants,Athletics,0.5614035087719298,0.4385964912280702,0.12280701754385959,3.4066897033069994,2.6850995237479336,BACKTEST_INIT
823211,San Francisco Giants,Chicago Cubs,0.5027223230490018,0.4972776769509982,0.005444646098003547,4.653534593813722,7.495430481524865,BACKTEST_INIT
823212,San Francisco Giants,Chicago Cubs,0.5009772080134235,0.4990227919865765,0.0019544160268469835,2.3732315339735504,5.726567069909163,BACKTEST_INIT
823213,San Francisco Giants,Chicago Cubs,0.5048177601911688,0.49518223980883125,0.009635520382337504,2.5561113099940296,5.5539176880278065,BACKTEST_INIT
823214,San Francisco Giants,Washington Nationals,0.5,0.5,0.0,2.8421127047910772,3.3439864510809807,BACKTEST_INIT
823215,San Francisco Giants,Washington Nationals,0.5,0.5,0.0,2.83567119056024,4.88241856143367,BACKTEST_INIT
823216,San Francisco Giants,Arizona Diamondbacks,0.4864864864864865,0.5135135135135135,0.027027027027026973,2.9756802863243665,6.026525791440516,BACKTEST_INIT
823217,San Francisco Giants,Arizona Diamondbacks,0.4806201550387597,0.5193798449612403,0.038759689922480633,3.9696984626571803,6.283114413802466,BACKTEST_INIT
823218,San Francisco Giants,Washington Nationals,0.5024630541871922,0.49753694581280783,0.0049261083743843415,2.7286675283890993,2.910746924258894,BACKTEST_INIT
823219,San Francisco Giants,Arizona Diamondbacks,0.49230769230769234,0.5076923076923077,0.01538461538461533,3.782436569062895,6.018319181484165,BACKTEST_INIT
823220,San Francisco Giants,Chicago White Sox,0.6666666666666666,0.33333333333333337,0.33333333333333326,9.155173051986596,2.8305357260980575,BACKTEST_INIT
823221,San Francisco Giants,Pittsburgh Pirates,0.3333333333333333,0.6666666666666667,0.3333333333333334,3.1209453130693263,9.18457901320648,BACKTEST_INIT
823222,San Francisco Giants,Chicago White Sox,0.4967532467532468,0.5032467532467533,0.006493506493506496,3.7822954242875184,8.336741812169077,BACKTEST_INIT
823223,San Francisco Giants,Chicago White Sox,0.4983277591973244,0.5016722408026756,0.0033444816053511683,3.641340261819898,3.6698910324108107,BACKTEST_INIT
823224,San Francisco Giants,Pittsburgh Pirates,0.5367647058823529,0.4632352941176471,0.07352941176470584,3.1568135530881607,2.6305904261210125,BACKTEST_INIT
823225,San Francisco Giants,Pittsburgh Pirates,0.5082872928176796,0.4917127071823204,0.016574585635359185,1.2580287086694935,2.8954919696279164,BACKTEST_INIT
823226,San Francisco Giants,San Diego Padres,0.5,0.5,0.0,4.080808482975028,8.674984223693794,BACKTEST_INIT
823227,San Francisco Giants,San Diego Padres,0.5636363636363636,0.4363636363636364,0.1272727272727272,3.214854498842173,3.1279242946073755,BACKTEST_INIT
823228,San Francisco Giants,San Diego Padres,0.49206349206349204,0.5079365079365079,0.015873015873015872,3.297268139658762,4.139658408180539,BACKTEST_INIT
823229,San Francisco Giants,Miami Marlins,0.3333333333333333,0.6666666666666667,0.3333333333333334,2.522245751132765,9.136652974014371,BACKTEST_INIT
823230,San Francisco Giants,Miami Marlins,0.6081078680879244,0.3918921319120756,0.21621573617584877,4.744424130396328,1.1934587993210686,BACKTEST_INIT
823231,San Francisco Giants,Los Angeles Dodgers,0.47058823529411764,0.5294117647058824,0.05882352941176472,2.0957670333818,2.892390166809651,BACKTEST_INIT
823232,San Francisco Giants,Miami Marlins,0.5104166666666666,0.48958333333333337,0.02083333333333326,1.6336379398451046,2.0973123547235963,BACKTEST_INIT
823233,San Francisco Giants,Los Angeles Dodgers,0.5733944954128442,0.42660550458715585,0.1467889908256883,2.398799452727957,2.4574486997726868,BACKTEST_INIT
823234,San Francisco Giants,Philadelphia Phillies,0.5966386554621849,0.40336134453781514,0.19327731092436973,4.7646392291940005,2.084528173136481,BACKTEST_INIT
823235,San Francisco Giants,Philadelphia Phillies,0.42857142857142855,0.5714285714285714,0.14285714285714285,2.7256587797795673,4.704412799504806,BACKTEST_INIT
823236,San Francisco Giants,Los Angeles Dodgers,0.46938775510204084,0.5306122448979591,0.06122448979591827,1.8349746200332957,4.201364777492159,BACKTEST_INIT
823237,San Francisco Giants,Philadelphia Phillies,0.41379310344827586,0.5862068965517242,0.17241379310344834,2.0992446804470077,2.5454401761959713,BACKTEST_INIT
823238,San Francisco Giants,New York Mets,0.3333333333333333,0.6666666666666667,0.3333333333333334,1.6781166349238177,8.6526898695344,BACKTEST_INIT
823239,San Francisco Giants,New York Mets,0.5,0.5,0.0,4.027994996052956,8.376236428202779,BACKTEST_INIT
823240,San Francisco Giants,New York Mets,0.6323529411764706,0.36764705882352944,0.2647058823529411,6.024697198044976,2.5234567575290274,BACKTEST_INIT
823241,San Francisco Giants,New York Yankees,0.12672,0.87328,0.7465599999999999,1.2634822983984897,3.938934568567656,BACKTEST_INIT
823242,San Francisco Giants,New York Mets,0.5,0.5,0.0,1.3797330307730755,2.598277565088771,BACKTEST_INIT
823243,San Francisco Giants,New York Yankees,0.0706,0.9294,0.8588,1.725575240569378,6.029909941544986,BACKTEST_INIT
823244,San Francisco Giants,New York Yankees,0.43704,0.56296,0.12592000000000003,3.7033205003122553,4.119410625134275,BACKTEST_INIT
823253,San Diego Padres,New York Yankees,0.48214285714285715,0.5178571428571428,0.03571428571428564,2.409068298002902,3.7622488225770785,BACKTEST_INIT
823254,San Diego Padres,Washington Nationals,0.5555555555555556,0.4444444444444444,0.11111111111111116,6.057925222737038,3.125675250572358,BACKTEST_INIT
823255,San Diego Padres,Pittsburgh Pirates,0.5383043922369765,0.46169560776302354,0.07660878447395292,2.076665599114287,1.8643158217478069,BACKTEST_INIT
823256,San Diego Padres,New York Yankees,0.48868778280542985,0.5113122171945701,0.022624434389140247,4.351319864908748,6.545419664537105,BACKTEST_INIT
823257,San Diego Padres,New York Yankees,0.5376532399299474,0.4623467600700526,0.0753064798598948,3.8877715734795624,2.7727480832405615,BACKTEST_INIT
823258,San Diego Padres,Minnesota Twins,0.5555555555555556,0.4444444444444444,0.11111111111111116,6.030913852119898,3.675108705453513,BACKTEST_INIT
823259,San Diego Padres,Pittsburgh Pirates,0.539568345323741,0.460431654676259,0.07913669064748197,3.1144249637160777,2.2883818144176358,BACKTEST_INIT
823260,San Diego Padres,Pittsburgh Pirates,0.5555555555555556,0.4444444444444444,0.11111111111111116,3.992127145036991,1.935296404351907,BACKTEST_INIT
823261,San Diego Padres,Minnesota Twins,0.5555555555555556,0.4444444444444444,0.11111111111111116,5.217598670345121,2.5703867801602254,BACKTEST_INIT
823262,San Diego Padres,Minnesota Twins,0.5510440039931654,0.44895599600683456,0.10208800798633089,4.487056789872059,2.8120054654128257,BACKTEST_INIT
823263,San Diego Padres,Milwaukee Brewers,0.6666666666666666,0.33333333333333337,0.33333333333333326,8.405644400770395,1.933300416630265,BACKTEST_INIT
823264,San Diego Padres,Milwaukee Brewers,0.5555555555555556,0.4444444444444444,0.11111111111111116,4.052323782685736,1.8967830984165168,BACKTEST_INIT
823265,San Diego Padres,Milwaukee Brewers,0.5555555555555556,0.4444444444444444,0.11111111111111116,4.616944030785866,1.795316832181844,BACKTEST_INIT
823266,San Diego Padres,Houston Astros,0.5522164577338624,0.4477835422661376,0.10443291546772482,4.355806568959076,2.772601592065351,BACKTEST_INIT
823267,San Diego Padres,Houston Astros,0.4988066825775656,0.5011933174224343,0.002386634844868729,3.765638619472628,4.879022879545994,BACKTEST_INIT
823268,San Diego Padres,Houston Astros,0.5466237942122186,0.4533762057877814,0.09324758842443726,3.5372239500910956,3.0746092063235135,BACKTEST_INIT
823269,San Diego Padres,San Francisco Giants,0.5555555555555556,0.4444444444444444,0.11111111111111116,6.021228134701833,2.2437815840444277,BACKTEST_INIT
823270,San Diego Padres,San Francisco Giants,0.5555555555555556,0.4444444444444444,0.11111111111111116,6.014897140470207,3.6552224647479847,BACKTEST_INIT
823271,San Diego Padres,San Francisco Giants,0.5,0.5,0.0,1.826894255724329,4.356645971580982,BACKTEST_INIT
823272,San Diego Padres,San Francisco Giants,0.5,0.5,0.0,1.6779580487380086,4.3390663322735215,BACKTEST_INIT
823273,San Diego Padres,Colorado Rockies,0.545203441544905,0.45479655845509503,0.09040688308980993,8.63118640576002,6.34298277448311,BACKTEST_INIT
823274,San Diego Padres,Toronto Blue Jays,0.5555555555555556,0.4444444444444444,0.11111111111111116,8.0065052904361,5.442995737195243,BACKTEST_INIT
823275,San Diego Padres,Colorado Rockies,0.6666666666666666,0.33333333333333337,0.33333333333333326,8.881400498407354,2.9972179187313155,BACKTEST_INIT
823276,San Diego Padres,Toronto Blue Jays,0.4909090909090909,0.509090909090909,0.018181818181818132,1.7570533131017767,4.494360390266442,BACKTEST_INIT
823277,San Diego Padres,Arizona Diamondbacks,0.6666666666666666,0.33333333333333337,0.33333333333333326,8.622112777417179,2.1787797173332897,BACKTEST_INIT
823278,San Diego Padres,Toronto Blue Jays,0.4878048780487805,0.5121951219512195,0.024390243902439046,1.2945670312623871,4.3494770557339635,BACKTEST_INIT
823279,San Diego Padres,Arizona Diamondbacks,0.5578512396694215,0.4421487603305785,0.11570247933884303,2.590656888803505,1.112580300630234,BACKTEST_INIT
823280,San Diego Padres,Arizona Diamondbacks,0.3333333333333333,0.6666666666666667,0.3333333333333334,1.7178474881842871,7.954028935405889,BACKTEST_INIT
823281,San Diego Padres,Los Angeles Dodgers,0.3333333333333333,0.6666666666666667,0.3333333333333334,4.017671689283966,9.63305110808761,BACKTEST_INIT
823282,San Diego Padres,Arizona Diamondbacks,0.5625,0.4375,0.125,3.5568241211482294,2.1514603826862437,BACKTEST_INIT
823283,San Diego Padres,Los Angeles Dodgers,0.5633187772925764,0.4366812227074236,0.1266375545851528,6.01829301835818,2.175407276139877,BACKTEST_INIT
823284,San Diego Padres,Atlanta Braves,0.5614035087719298,0.4385964912280702,0.12280701754385959,5.493082031784878,4.658701031333026,BACKTEST_INIT
823285,San Diego Padres,Los Angeles Dodgers,0.5633187772925764,0.4366812227074236,0.1266375545851528,4.737739988079569,2.355956701374486,BACKTEST_INIT
823286,San Diego Padres,Atlanta Braves,0.5614035087719298,0.4385964912280702,0.12280701754385959,2.4271671063090605,1.6735336674918728,BACKTEST_INIT
823287,San Diego Padres,Cincinnati Reds,0.5048543689320388,0.49514563106796117,0.009708737864077666,3.92215032455947,3.8990507778928496,BACKTEST_INIT
823288,San Diego Padres,Atlanta Braves,0.5614035087719298,0.4385964912280702,0.12280701754385959,4.150563471145681,3.0851162563298935,BACKTEST_INIT
823289,San Diego Padres,Cincinnati Reds,0.5024630541871922,0.49753694581280783,0.0049261083743843415,3.4475399177924326,3.843920985361674,BACKTEST_INIT
823290,San Diego Padres,Cincinnati Reds,0.5639810426540284,0.4360189573459716,0.12796208530805675,4.908829211401776,3.038080310944231,BACKTEST_INIT
823291,San Diego Padres,New York Mets,0.4990328820116054,0.5009671179883946,0.001934235976789156,1.6906055400234306,3.081182982153325,BACKTEST_INIT
823292,San Diego Padres,New York Mets,0.3333333333333333,0.6666666666666667,0.3333333333333334,1.1991149659401303,5.719265573989057,BACKTEST_INIT
823293,San Diego Padres,New York Mets,0.3333333333333333,0.6666666666666667,0.3333333333333334,1.3460035715715146,6.549568087637673,BACKTEST_INIT
823294,San Diego Padres,Philadelphia Phillies,0.4864864864864865,0.5135135135135135,0.027027027027026973,1.388809956870048,2.3221684124343307,BACKTEST_INIT
823295,San Diego Padres,Philadelphia Phillies,0.4806201550387597,0.5193798449612403,0.038759689922480633,1.8452282875446644,2.9554366203898264,BACKTEST_INIT
823296,San Diego Padres,Philadelphia Phillies,0.49230769230769234,0.5076923076923077,0.01538461538461533,2.039849739116333,2.1048219633381597,BACKTEST_INIT
823297,San Diego Padres,Athletics,0.5706806282722513,0.4293193717277487,0.1413612565445026,2.7059655229831066,1.6345133672122896,BACKTEST_INIT
823298,San Diego Padres,Athletics,0.5706806282722513,0.4293193717277487,0.1413612565445026,5.999198561746458,2.90112008197222,BACKTEST_INIT
823299,San Diego Padres,Los Angeles Dodgers,0.5089605734767025,0.49103942652329746,0.017921146953405076,3.080422000703171,3.7497115297724175,BACKTEST_INIT
823300,San Diego Padres,Athletics,0.5706806282722513,0.4293193717277487,0.1413612565445026,6.382000606434454,2.8811368934036077,BACKTEST_INIT
823301,San Diego Padres,Los Angeles Dodgers,0.5128205128205128,0.4871794871794872,0.02564102564102555,2.7764158535541132,4.768909424189918,BACKTEST_INIT
823302,San Diego Padres,Los Angeles Dodgers,0.5416666666666665,0.4583333333333335,0.08333333333333304,2.542525319009258,2.329119602362793,BACKTEST_INIT
823303,San Diego Padres,St. Louis Cardinals,0.5082872928176796,0.4917127071823204,0.016574585635359185,2.3705466554578023,3.085587669520826,BACKTEST_INIT
823304,San Diego Padres,St. Louis Cardinals,0.5,0.5,0.0,1.5026367248826027,4.776079473729123,BACKTEST_INIT
823305,San Diego Padres,St. Louis Cardinals,0.5080213903743316,0.4919786096256684,0.016042780748663166,2.441235720521719,3.1834472049057956,BACKTEST_INIT
823306,San Diego Padres,St. Louis Cardinals,0.5617977528089888,0.4382022471910112,0.12359550561797761,4.8194800444122965,3.7531088050523147,BACKTEST_INIT
823307,San Diego Padres,Chicago White Sox,0.49999999999999994,0.5,5.551115123125783e-17,1.8255276374272036,4.832238421814343,BACKTEST_INIT
823308,San Diego Padres,Chicago White Sox,0.4798474945533767,0.5201525054466233,0.04030501089324656,2.4596997584213502,6.576323778416732,BACKTEST_INIT
823309,San Diego Padres,Chicago White Sox,0.49999999999999994,0.5,5.551115123125783e-17,2.5914712051375064,4.2838141949683655,BACKTEST_INIT
823310,San Diego Padres,Chicago Cubs,0.5621301775147929,0.4378698224852071,0.12426035502958577,7.692227481035681,5.774052229526779,BACKTEST_INIT
823311,San Diego Padres,Chicago Cubs,0.5612648221343873,0.43873517786561267,0.12252964426877466,6.435950725093407,4.792037326047669,BACKTEST_INIT
823312,San Diego Padres,Chicago Cubs,0.5,0.5,0.0,3.3169573513916903,6.696209630584596,BACKTEST_INIT
823313,San Diego Padres,Seattle Mariners,0.6057142857142858,0.39428571428571424,0.21142857142857152,5.900219896309551,4.6650664541275235,BACKTEST_INIT
823314,San Diego Padres,Seattle Mariners,0.5903614457831327,0.40963855421686735,0.1807228915662653,4.606590251438971,2.2270960686772288,BACKTEST_INIT
823315,San Diego Padres,Seattle Mariners,0.6025641025641025,0.39743589743589747,0.20512820512820507,5.273412090624646,3.166652430332051,BACKTEST_INIT
823316,San Diego Padres,Colorado Rockies,0.5955882352941176,0.40441176470588236,0.19117647058823528,5.268423727227914,2.930814864258476,BACKTEST_INIT
823317,San Diego Padres,Colorado Rockies,0.5972222222222222,0.4027777777777778,0.19444444444444442,7.480329774885026,3.9002182235828244,BACKTEST_INIT
823318,San Diego Padres,Colorado Rockies,0.6030534351145038,0.3969465648854962,0.20610687022900764,5.489200844613908,3.619305649355816,BACKTEST_INIT
823319,San Diego Padres,Colorado Rockies,0.4482758620689655,0.5517241379310345,0.10344827586206895,3.5799486370282505,3.933964267834348,BACKTEST_INIT
823320,San Diego Padres,San Francisco Giants,0.81662,0.18338,0.63324,3.175288515135388,1.2304595200264135,BACKTEST_INIT
823321,San Diego Padres,San Francisco Giants,0.3333333333333333,0.6666666666666667,0.3333333333333334,2.9204666728421387,8.884652619817205,BACKTEST_INIT
823322,San Diego Padres,San Francisco Giants,0.6428571428571429,0.3571428571428571,0.2857142857142858,2.8438946532000053,1.745605172189269,BACKTEST_INIT
823323,San Diego Padres,Detroit Tigers,0.17104,0.82896,0.6579200000000001,2.7305725698447243,5.745356940856754,BACKTEST_INIT
823324,San Diego Padres,Detroit Tigers,0.11056,0.88944,0.77888,3.076123360150104,7.427819401750645,BACKTEST_INIT
823325,San Diego Padres,Detroit Tigers,0.47844,0.52156,0.04312000000000005,3.80482539160872,3.9719161993768926,BACKTEST_INIT
823335,Pittsburgh Pirates,Los Angeles Angels,0.5376532399299474,0.4623467600700526,0.0753064798598948,2.271797933008201,1.661953288358804,BACKTEST_INIT
823336,Pittsburgh Pirates,Los Angeles Angels,0.48214285714285715,0.5178571428571428,0.03571428571428564,1.7422679238860543,4.185883243633632,BACKTEST_INIT
823337,Pittsburgh Pirates,San Francisco Giants,0.4909090909090909,0.509090909090909,0.018181818181818132,2.469125080468339,4.433891788816679,BACKTEST_INIT
823338,Pittsburgh Pirates,Los Angeles Angels,0.5376532399299474,0.4623467600700526,0.0753064798598948,4.375178301360861,3.4287157055608493,BACKTEST_INIT
823339,Pittsburgh Pirates,San Francisco Giants,0.5398832684824902,0.46011673151750976,0.07976653696498048,10.107444912215483,9.72349270327342,BACKTEST_INIT
823340,Pittsburgh Pirates,San Francisco Giants,0.4908256880733945,0.5091743119266054,0.018348623853210955,2.470415396658383,4.000103999729774,BACKTEST_INIT
823341,Pittsburgh Pirates,Detroit Tigers,0.4927536231884058,0.5072463768115942,0.014492753623188415,5.186797872606936,7.861606668197965,BACKTEST_INIT
823342,Pittsburgh Pirates,Detroit Tigers,0.5942321945960516,0.4057678054039484,0.18846438919210318,4.982573570237061,1.2330194332738815,BACKTEST_INIT
823343,Pittsburgh Pirates,Detroit Tigers,0.6666666666666666,0.33333333333333337,0.33333333333333326,7.395950688266493,2.130404007543288,BACKTEST_INIT
823344,Pittsburgh Pirates,Boston Red Sox,0.495,0.505,0.010000000000000009,1.6636897323665294,3.471623793860026,BACKTEST_INIT
823345,Pittsburgh Pirates,New York Mets,0.6666666666666666,0.33333333333333337,0.33333333333333326,9.67528644495969,1.2076080931657576,BACKTEST_INIT
823346,Pittsburgh Pirates,Boston Red Sox,0.5488239378261551,0.45117606217384487,0.09764787565231026,4.221213900221062,2.4800966944058658,BACKTEST_INIT
823347,Pittsburgh Pirates,Boston Red Sox,0.5555555555555556,0.4444444444444444,0.11111111111111116,6.214278406718675,3.0186874354062723,BACKTEST_INIT
823348,Pittsburgh Pirates,New York Mets,0.4988066825775656,0.5011933174224343,0.002386634844868729,2.8589723957147486,7.092138947951144,BACKTEST_INIT
823349,Pittsburgh Pirates,New York Mets,0.3333333333333333,0.6666666666666667,0.3333333333333334,1.793542841139341,8.640520122882453,BACKTEST_INIT
823350,Pittsburgh Pirates,Arizona Diamondbacks,0.512241054613936,0.487758945386064,0.024482109227871973,2.846512770792865,2.563184893286226,BACKTEST_INIT
823351,Pittsburgh Pirates,Arizona Diamondbacks,0.4975369458128079,0.5024630541871922,0.004926108374384286,5.798652602351557,7.462327954174542,BACKTEST_INIT
823352,Pittsburgh Pirates,Chicago Cubs,0.5555555555555556,0.4444444444444444,0.11111111111111116,3.5727767661069456,1.744372216263158,BACKTEST_INIT
823353,Pittsburgh Pirates,Arizona Diamondbacks,0.5451612903225806,0.45483870967741935,0.0903225806451613,8.57630280137959,7.257674666929755,BACKTEST_INIT
823354,Pittsburgh Pirates,Chicago Cubs,0.3333333333333333,0.6666666666666667,0.3333333333333334,1.5279452533785314,10.28405226047088,BACKTEST_INIT
823355,Pittsburgh Pirates,Chicago Cubs,0.5472972972972973,0.45270270270270274,0.09459459459459452,2.9860750499624276,2.169917564866309,BACKTEST_INIT
823356,Pittsburgh Pirates,Milwaukee Brewers,0.528,0.472,0.05600000000000005,1.611077276218879,1.337343015112039,BACKTEST_INIT
823357,Pittsburgh Pirates,Milwaukee Brewers,0.528,0.472,0.05600000000000005,1.611077276218879,1.337343015112039,BACKTEST_INIT
823358,Pittsburgh Pirates,Milwaukee Brewers,0.5546218487394958,0.4453781512605042,0.10924369747899165,7.084731479048037,4.95083050843602,BACKTEST_INIT
823359,Pittsburgh Pirates,Atlanta Braves,0.4876543209876543,0.5123456790123457,0.024691358024691412,1.2296670458879084,3.7442022537781265,BACKTEST_INIT
823360,Pittsburgh Pirates,Atlanta Braves,0.5578512396694215,0.4421487603305785,0.11570247933884303,9.406147646583271,4.257384210433696,BACKTEST_INIT
823361,Pittsburgh Pirates,Atlanta Braves,0.5625,0.4375,0.125,8.04313096923572,3.9056686969119636,BACKTEST_INIT
823362,Pittsburgh Pirates,Cincinnati Reds,0.5,0.5,0.0,5.830393522211977,8.097072451052586,BACKTEST_INIT
823363,Pittsburgh Pirates,Cincinnati Reds,0.5633187772925764,0.4366812227074236,0.1266375545851528,4.8519418158008225,2.990970396181176,BACKTEST_INIT
823364,Pittsburgh Pirates,Cincinnati Reds,0.5070028011204482,0.49299719887955185,0.014005602240896309,4.527804309359743,4.873449727787944,BACKTEST_INIT
823365,Pittsburgh Pirates,Seattle Mariners,0.5614035087719298,0.4385964912280702,0.12280701754385959,5.180711340824386,1.7134519804384767,BACKTEST_INIT
823366,Pittsburgh Pirates,Seattle Mariners,0.6666666666666666,0.33333333333333337,0.33333333333333326,9.380184139635677,1.71470841414465,BACKTEST_INIT
823367,Pittsburgh Pirates,Seattle Mariners,0.5614035087719298,0.4385964912280702,0.12280701754385959,2.959903885009949,2.041351482729606,BACKTEST_INIT
823368,Pittsburgh Pirates,Miami Marlins,0.543859649122807,0.45614035087719296,0.08771929824561409,2.900797907822749,2.2153180304853595,BACKTEST_INIT
823369,Pittsburgh Pirates,Miami Marlins,0.5015770135025759,0.4984229864974241,0.0031540270051517716,3.1422224199876783,6.809038882816026,BACKTEST_INIT
823370,Pittsburgh Pirates,Miami Marlins,0.5027223230490018,0.4972776769509982,0.005444646098003547,3.3600072496264044,3.9996091345904383,BACKTEST_INIT
823371,Pittsburgh Pirates,Los Angeles Dodgers,0.5046728971962616,0.4953271028037384,0.009345794392523255,7.240885740367091,7.427461666307477,BACKTEST_INIT
823372,Pittsburgh Pirates,Los Angeles Dodgers,0.3333333333333333,0.6666666666666667,0.3333333333333334,3.8788127873174303,10.771973284314253,BACKTEST_INIT
823373,Pittsburgh Pirates,Minnesota Twins,0.5779816513761468,0.42201834862385323,0.15596330275229353,9.237238927034005,7.892453656265145,BACKTEST_INIT
823374,Pittsburgh Pirates,Los Angeles Dodgers,0.5639810426540284,0.4360189573459716,0.12796208530805675,5.0749911051811765,3.577549081906211,BACKTEST_INIT
823375,Pittsburgh Pirates,Minnesota Twins,0.5750000000000001,0.42499999999999993,0.15000000000000013,5.090962442467212,4.1683463448812805,BACKTEST_INIT
823376,Pittsburgh Pirates,Chicago Cubs,0.6666666666666666,0.33333333333333337,0.33333333333333326,9.960885690779518,1.9093042114717553,BACKTEST_INIT
823377,Pittsburgh Pirates,Minnesota Twins,0.5421052631578948,0.45789473684210524,0.08421052631578951,3.8466777085738895,3.5005280832287617,BACKTEST_INIT
823378,Pittsburgh Pirates,Chicago Cubs,0.3333333333333333,0.6666666666666667,0.3333333333333334,2.5425620740748665,10.54115356698265,BACKTEST_INIT
823379,Pittsburgh Pirates,Chicago Cubs,0.4864864864864865,0.5135135135135135,0.027027027027026973,1.8658916291239511,2.1017405131162317,BACKTEST_INIT
823380,Pittsburgh Pirates,Chicago Cubs,0.5729166666666666,0.42708333333333337,0.14583333333333326,7.678979502560329,3.447832108786527,BACKTEST_INIT
823381,Pittsburgh Pirates,Philadelphia Phillies,0.3333333333333333,0.6666666666666667,0.3333333333333334,1.1870564169236364,6.490551155889015,BACKTEST_INIT
823382,Pittsburgh Pirates,Philadelphia Phillies,0.5168539325842697,0.4831460674157303,0.03370786516853941,8.21806937655445,8.93192274705995,BACKTEST_INIT
823383,Pittsburgh Pirates,Colorado Rockies,0.3333333333333333,0.6666666666666667,0.3333333333333334,3.613043974104682,9.642031202419055,BACKTEST_INIT
823384,Pittsburgh Pirates,Philadelphia Phillies,0.572972972972973,0.427027027027027,0.145945945945946,3.093388320232715,2.342979138594118,BACKTEST_INIT
823385,Pittsburgh Pirates,Colorado Rockies,0.565934065934066,0.43406593406593397,0.13186813186813207,6.813841955911073,2.870670349053628,BACKTEST_INIT
823386,Pittsburgh Pirates,Colorado Rockies,0.5683060109289617,0.4316939890710383,0.13661202185792343,3.6415347415852266,2.7287590810785676,BACKTEST_INIT
823387,Pittsburgh Pirates,Cincinnati Reds,0.5572519083969466,0.4427480916030534,0.11450381679389321,9.724612776012926,6.245224427826961,BACKTEST_INIT
823388,Pittsburgh Pirates,Cincinnati Reds,0.6666666666666666,0.33333333333333337,0.33333333333333326,9.470800382558991,1.4942320955505808,BACKTEST_INIT
823389,Pittsburgh Pirates,Cincinnati Reds,0.49999999999999994,0.5,5.551115123125783e-17,3.1778314043889413,7.19957309726107,BACKTEST_INIT
823390,Pittsburgh Pirates,St. Louis Cardinals,0.5,0.5,0.0,2.0223955497560877,2.9225376321700245,BACKTEST_INIT
823391,Pittsburgh Pirates,St. Louis Cardinals,0.5,0.5,0.0,4.586683716869068,4.845738194279397,BACKTEST_INIT
823392,Pittsburgh Pirates,St. Louis Cardinals,0.5,0.5,0.0,6.695877405592111,9.148559278898674,BACKTEST_INIT
823393,Pittsburgh Pirates,Tampa Bay Rays,0.46938775510204084,0.5306122448979591,0.06122448979591827,5.835873656165977,8.436989548007594,BACKTEST_INIT
823394,Pittsburgh Pirates,Tampa Bay Rays,0.6606279191003585,0.33937208089964155,0.3212558382007169,5.479210621946938,1.29513555629566,BACKTEST_INIT
823395,Pittsburgh Pirates,St. Louis Cardinals,0.5,0.5,0.0,2.0240915186656334,2.284388464148388,BACKTEST_INIT
823396,Pittsburgh Pirates,Washington Nationals,0.6057142857142858,0.39428571428571424,0.21142857142857152,2.737504794382353,1.3773972502277319,BACKTEST_INIT
823397,Pittsburgh Pirates,Tampa Bay Rays,0.4883720930232558,0.5116279069767442,0.023255813953488413,5.540281506175322,7.913100242669605,BACKTEST_INIT
823398,Pittsburgh Pirates,Washington Nationals,0.6025641025641025,0.39743589743589747,0.20512820512820507,9.761254120308378,5.284680280626821,BACKTEST_INIT
823399,Pittsburgh Pirates,Washington Nationals,0.4878048780487805,0.5121951219512195,0.024390243902439046,3.0576803373605506,5.4983447383176225,BACKTEST_INIT
823400,Pittsburgh Pirates,Washington Nationals,0.6026490066225165,0.3973509933774835,0.20529801324503305,8.101916278380312,6.562369629881725,BACKTEST_INIT
823401,Pittsburgh Pirates,San Diego Padres,0.6057692307692307,0.3942307692307693,0.21153846153846145,6.191229785256468,3.113897943681204,BACKTEST_INIT
823402,Pittsburgh Pirates,San Diego Padres,0.42857142857142855,0.5714285714285714,0.14285714285714285,1.4516690630426496,3.64037288416207,BACKTEST_INIT
823403,Pittsburgh Pirates,San Diego Padres,0.5966386554621849,0.40336134453781514,0.19327731092436973,5.851054469681971,2.4540795852026234,BACKTEST_INIT
823404,Pittsburgh Pirates,Baltimore Orioles,0.625,0.375,0.25,4.752607329827399,4.648779485709817,BACKTEST_INIT
823405,Pittsburgh Pirates,Baltimore Orioles,0.6063829787234043,0.3936170212765957,0.2127659574468086,3.855344644193342,3.1042563387330375,BACKTEST_INIT
823406,Pittsburgh Pirates,Baltimore Orioles,0.5,0.5,0.0,4.627728811157608,5.1647169808450615,BACKTEST_INIT
823415,Philadelphia Phillies,Atlanta Braves,0.48214285714285715,0.5178571428571428,0.03571428571428564,2.9253952186202588,3.977352397801748,BACKTEST_INIT
823417,Philadelphia Phillies,Atlanta Braves,0.48214285714285715,0.5178571428571428,0.03571428571428564,2.3503283146340848,2.9437281044543626,BACKTEST_INIT
823418,Philadelphia Phillies,Atlanta Braves,0.48868778280542985,0.5113122171945701,0.022624434389140247,1.330486846192998,3.1219998413057404,BACKTEST_INIT
823419,Philadelphia Phillies,Atlanta Braves,0.4864864864864865,0.5135135135135135,0.027027027027026973,1.5235244965398875,4.066370623380827,BACKTEST_INIT
823420,Philadelphia Phillies,St. Louis Cardinals,0.5555555555555556,0.4444444444444444,0.11111111111111116,8.330346205227873,3.9315988721967257,BACKTEST_INIT
823421,Philadelphia Phillies,St. Louis Cardinals,0.5949733845428207,0.40502661545717933,0.18994676908564134,9.356587449686602,3.9129245600958553,BACKTEST_INIT
823422,Philadelphia Phillies,St. Louis Cardinals,0.5555555555555556,0.4444444444444444,0.11111111111111116,7.6624657293696545,4.739819226673815,BACKTEST_INIT
823423,Philadelphia Phillies,Miami Marlins,0.5217391304347826,0.4782608695652174,0.04347826086956519,4.767341163829334,4.525681811201962,BACKTEST_INIT
823424,Philadelphia Phillies,Miami Marlins,0.5387387387387388,0.4612612612612612,0.07747747747747757,5.595553600818231,4.572299736800042,BACKTEST_INIT
823425,Philadelphia Phillies,Toronto Blue Jays,0.5,0.5,0.0,4.237183978176199,5.7188365461677995,BACKTEST_INIT
823426,Philadelphia Phillies,Toronto Blue Jays,0.5483870967741935,0.4516129032258065,0.09677419354838701,4.1301751539911615,3.467045493822524,BACKTEST_INIT
823427,Philadelphia Phillies,Miami Marlins,0.49019607843137253,0.5098039215686274,0.019607843137254888,3.522699390431833,4.62119933257598,BACKTEST_INIT
823428,Philadelphia Phillies,Toronto Blue Jays,0.5555555555555556,0.4444444444444444,0.11111111111111116,4.1849769942940185,1.9497293396539177,BACKTEST_INIT
823429,Philadelphia Phillies,Washington Nationals,0.5555555555555556,0.4444444444444444,0.11111111111111116,5.162699287261574,1.76431208258883,BACKTEST_INIT
823430,Philadelphia Phillies,Washington Nationals,0.5,0.5,0.0,4.655465008248051,9.609374625859886,BACKTEST_INIT
823431,Philadelphia Phillies,Washington Nationals,0.5555555555555556,0.4444444444444444,0.11111111111111116,5.465331845599183,2.16148392483163,BACKTEST_INIT
823432,Philadelphia Phillies,Washington Nationals,0.5555555555555556,0.4444444444444444,0.11111111111111116,5.513996450550271,2.336067163430889,BACKTEST_INIT
823433,Philadelphia Phillies,New York Yankees,0.4962962962962963,0.5037037037037038,0.007407407407407474,1.5171733330408916,2.7018486775467028,BACKTEST_INIT
823434,Philadelphia Phillies,New York Yankees,0.4962962962962963,0.5037037037037038,0.007407407407407474,2.6586665061716723,3.705705528028451,BACKTEST_INIT
823435,Philadelphia Phillies,New York Yankees,0.4962962962962963,0.5037037037037038,0.007407407407407474,1.620691032520305,2.559898848221782,BACKTEST_INIT
823436,Philadelphia Phillies,Los Angeles Dodgers,0.49617151607963245,0.5038284839203675,0.007656967840735052,1.9801928033042482,5.748899000382587,BACKTEST_INIT
823437,Philadelphia Phillies,Los Angeles Dodgers,0.5513698630136986,0.4486301369863014,0.10273972602739723,9.070586741679406,6.6306092652365,BACKTEST_INIT
823438,Philadelphia Phillies,Los Angeles Dodgers,0.4975247524752475,0.5024752475247525,0.004950495049504955,1.171452352792022,2.531031214404734,BACKTEST_INIT
823439,Philadelphia Phillies,New York Mets,0.5577689243027888,0.4422310756972112,0.11553784860557759,4.78633312037726,2.1331495807932477,BACKTEST_INIT
823440,Philadelphia Phillies,New York Mets,0.5546218487394958,0.4453781512605042,0.10924369747899165,3.2549595589151026,2.042398107061133,BACKTEST_INIT
823441,Philadelphia Phillies,New York Mets,0.4853801169590643,0.5146198830409356,0.029239766081871343,2.223046461262487,2.7719733896627927,BACKTEST_INIT
823442,Philadelphia Phillies,Pittsburgh Pirates,0.5622317596566524,0.4377682403433476,0.1244635193133048,8.724447294918743,4.665094353541477,BACKTEST_INIT
823444,Philadelphia Phillies,Pittsburgh Pirates,0.5056603773584906,0.49433962264150944,0.01132075471698113,5.43272789007659,5.845447718957182,BACKTEST_INIT
823445,Philadelphia Phillies,Pittsburgh Pirates,0.4930555555555556,0.5069444444444444,0.01388888888888884,6.495988273912708,9.464608325145154,BACKTEST_INIT
823446,Philadelphia Phillies,Pittsburgh Pirates,0.6666666666666666,0.33333333333333337,0.33333333333333326,7.261856430716,1.250623288049897,BACKTEST_INIT
823447,Philadelphia Phillies,New York Mets,0.5075757575757577,0.4924242424242423,0.01515151515151536,3.346964508693447,5.9232052482547894,BACKTEST_INIT
823448,Philadelphia Phillies,New York Mets,0.3333333333333333,0.6666666666666667,0.3333333333333334,3.4447999186174507,9.102202719862115,BACKTEST_INIT
823449,Philadelphia Phillies,New York Mets,0.5614035087719298,0.4385964912280702,0.12280701754385959,8.88998883744934,4.030119718311037,BACKTEST_INIT
823450,Philadelphia Phillies,Miami Marlins,0.6666666666666666,0.33333333333333337,0.33333333333333326,7.174858161731341,1.9832882168585941,BACKTEST_INIT
823451,Philadelphia Phillies,Miami Marlins,0.5744895896502933,0.4255104103497067,0.14897917930058657,6.115168093028315,2.0130256336957517,BACKTEST_INIT
823452,Philadelphia Phillies,Miami Marlins,0.510593220338983,0.489406779661017,0.021186440677966045,1.2874278524792486,3.1307703246563445,BACKTEST_INIT
823453,Philadelphia Phillies,Chicago White Sox,0.4990328820116054,0.5009671179883946,0.001934235976789156,2.9698862004594346,5.605500813231404,BACKTEST_INIT
823454,Philadelphia Phillies,Chicago White Sox,0.5700483091787439,0.42995169082125606,0.14009661835748788,7.725979459200039,5.856721616784573,BACKTEST_INIT
823455,Philadelphia Phillies,Chicago White Sox,0.4960159362549801,0.5039840637450199,0.007968127490039834,2.293084782421791,5.277169594172637,BACKTEST_INIT
823456,Philadelphia Phillies,San Diego Padres,0.4947916666666667,0.5052083333333333,0.010416666666666574,2.941921526824029,3.238261487824806,BACKTEST_INIT
823457,Philadelphia Phillies,San Diego Padres,0.49504950495049505,0.504950495049505,0.00990099009900991,2.963134428888186,2.8049235250652877,BACKTEST_INIT
823458,Philadelphia Phillies,Cleveland Guardians,0.4967532467532468,0.5032467532467533,0.006493506493506496,1.3841282585743782,2.177951431211519,BACKTEST_INIT
823459,Philadelphia Phillies,Cleveland Guardians,0.5340909090909092,0.46590909090909083,0.06818181818181834,1.9224697119290695,1.5719598413741835,BACKTEST_INIT
823460,Philadelphia Phillies,San Diego Padres,0.4909090909090909,0.509090909090909,0.018181818181818132,2.8244148253825054,4.553991254599238,BACKTEST_INIT
823461,Philadelphia Phillies,Cleveland Guardians,0.4983277591973244,0.5016722408026756,0.0033444816053511683,2.2404476741809223,5.2630414013089455,BACKTEST_INIT
823462,Philadelphia Phillies,Cincinnati Reds,0.5089605734767025,0.49103942652329746,0.017921146953405076,2.1133206432889247,3.666551856325348,BACKTEST_INIT
823463,Philadelphia Phillies,Colorado Rockies,0.640952758457527,0.35904724154247303,0.28190551691505394,8.38043350519143,3.011058470653501,BACKTEST_INIT
823464,Philadelphia Phillies,Cincinnati Reds,0.574468085106383,0.42553191489361697,0.14893617021276606,5.685347232911077,3.1715599193514588,BACKTEST_INIT
823465,Philadelphia Phillies,Cincinnati Reds,0.5796977371906921,0.42030226280930794,0.15939547438138413,7.099535455899161,2.733266989834955,BACKTEST_INIT
823466,Philadelphia Phillies,Colorado Rockies,0.3333333333333333,0.6666666666666667,0.3333333333333334,1.5868886405556846,6.890127580182205,BACKTEST_INIT
823467,Philadelphia Phillies,Athletics,0.5617977528089888,0.4382022471910112,0.12359550561797761,5.807478493084971,2.61978193225935,BACKTEST_INIT
823468,Philadelphia Phillies,Colorado Rockies,0.5027027027027027,0.4972972972972973,0.00540540540540535,6.71755676273212,7.922455126527473,BACKTEST_INIT
823469,Philadelphia Phillies,Athletics,0.49206349206349204,0.5079365079365079,0.015873015873015872,1.8028680033721112,3.729002450339298,BACKTEST_INIT
823470,Philadelphia Phillies,Athletics,0.6666666666666666,0.33333333333333337,0.33333333333333326,9.784578909142358,2.54319102145013,BACKTEST_INIT
823471,Philadelphia Phillies,San Francisco Giants,0.5555555555555556,0.4444444444444444,0.11111111111111116,1.327473267058099,1.2613190118994684,BACKTEST_INIT
823472,Philadelphia Phillies,San Francisco Giants,0.5555555555555556,0.4444444444444444,0.11111111111111116,1.327473267058099,1.2613190118994684,BACKTEST_INIT
823473,Philadelphia Phillies,San Francisco Giants,0.5,0.5,0.0,2.284435239600093,5.043808099333049,BACKTEST_INIT
823474,Philadelphia Phillies,Atlanta Braves,0.3333333333333333,0.6666666666666667,0.3333333333333334,1.5993079557299994,7.595075094309019,BACKTEST_INIT
823475,Philadelphia Phillies,Atlanta Braves,0.46938775510204084,0.5306122448979591,0.06122448979591827,1.4684473535652716,3.302263301763425,BACKTEST_INIT
823476,Philadelphia Phillies,Atlanta Braves,0.4883720930232558,0.5116279069767442,0.023255813953488413,3.3829394519380402,6.915404471975773,BACKTEST_INIT
823477,Philadelphia Phillies,Chicago Cubs,0.3333333333333333,0.6666666666666667,0.3333333333333334,3.6598456868639655,9.44443471382242,BACKTEST_INIT
823478,Philadelphia Phillies,Chicago Cubs,0.6025641025641025,0.39743589743589747,0.20512820512820507,9.07819898681856,6.4147560746229475,BACKTEST_INIT
823479,Philadelphia Phillies,Arizona Diamondbacks,0.4444444444444444,0.5555555555555556,0.11111111111111116,3.01508703178577,4.215464872868221,BACKTEST_INIT
823480,Philadelphia Phillies,Arizona Diamondbacks,0.42105263157894735,0.5789473684210527,0.1578947368421053,2.2910154094836424,5.565798352494091,BACKTEST_INIT
823481,Philadelphia Phillies,Chicago Cubs,0.4473684210526316,0.5526315789473684,0.10526315789473678,2.9384081240057855,4.926110848156284,BACKTEST_INIT
823482,Philadelphia Phillies,Arizona Diamondbacks,0.3333333333333333,0.6666666666666667,0.3333333333333334,1.3756379138225139,7.268824850519669,BACKTEST_INIT
823483,Philadelphia Phillies,Washington Nationals,0.6153846153846154,0.3846153846153846,0.23076923076923084,2.4570612671032315,1.2491431035235514,BACKTEST_INIT
823484,Philadelphia Phillies,Washington Nationals,0.09304,0.90696,0.81392,2.280451043553551,6.421884561486817,BACKTEST_INIT
823485,Philadelphia Phillies,Washington Nationals,0.0,1.0,1.0,2.272775627469748,9.669913686002804,BACKTEST_INIT
823486,Philadelphia Phillies,Texas Rangers,0.50678,0.49322,0.013560000000000016,3.98147627962489,3.967471042619411,BACKTEST_INIT
823487,Philadelphia Phillies,Texas Rangers,0.5127,0.4873,0.025400000000000034,3.720497072399521,3.6396797364724467,BACKTEST_INIT
823488,Philadelphia Phillies,Texas Rangers,0.59556,0.40444,0.19111999999999996,4.482221887622756,3.7373905792988356,BACKTEST_INIT
823501,New York Yankees,Boston Red Sox,0.5386934673366834,0.46130653266331656,0.07738693467336688,2.044519705676361,1.7760899076536796,BACKTEST_INIT
823502,New York Yankees,Boston Red Sox,0.5555555555555556,0.4444444444444444,0.11111111111111116,8.58356588265507,4.607869640660619,BACKTEST_INIT
823503,New York Yankees,Houston Astros,0.641129303955259,0.358870696044741,0.28225860791051804,8.738545887498733,3.1900428599540023,BACKTEST_INIT
823504,New York Yankees,Boston Red Sox,0.5260115606936416,0.47398843930635837,0.052023121387283267,2.260048935766786,2.2017875265248463,BACKTEST_INIT
823505,New York Yankees,Houston Astros,0.6666666666666666,0.33333333333333337,0.33333333333333326,8.662786084971579,2.1355933870215664,BACKTEST_INIT
823506,New York Yankees,Houston Astros,0.5126353790613718,0.4873646209386282,0.025270758122743597,7.450375084672731,8.266209953817832,BACKTEST_INIT
823507,New York Yankees,Toronto Blue Jays,0.5265225933202358,0.47347740667976423,0.05304518664047153,2.833240880503574,2.8774392107811426,BACKTEST_INIT
823508,New York Yankees,Seattle Mariners,0.6666666666666666,0.33333333333333337,0.33333333333333326,9.05929841525289,3.0753386178398316,BACKTEST_INIT
823509,New York Yankees,Toronto Blue Jays,0.5386243386243387,0.46137566137566133,0.07724867724867734,2.7363370721374003,2.1662683642445124,BACKTEST_INIT
823510,New York Yankees,Toronto Blue Jays,0.5226890756302521,0.47731092436974787,0.04537815126050426,2.621835630538045,2.6085200964890665,BACKTEST_INIT
823511,New York Yankees,Seattle Mariners,0.5555555555555556,0.4444444444444444,0.11111111111111116,4.211550847860271,1.6151219080472377,BACKTEST_INIT
823512,New York Yankees,Seattle Mariners,0.5555555555555556,0.4444444444444444,0.11111111111111116,3.9716283610131464,1.5659251385921704,BACKTEST_INIT
823513,New York Yankees,Atlanta Braves,0.5238095238095238,0.47619047619047616,0.04761904761904767,3.6061997254968814,3.456022640253029,BACKTEST_INIT
823514,New York Yankees,Atlanta Braves,0.4988066825775656,0.5011933174224343,0.002386634844868729,1.9512606093000597,2.9641335364812678,BACKTEST_INIT
823515,New York Yankees,Atlanta Braves,0.5,0.5,0.0,1.5625769387985886,3.8595734529715235,BACKTEST_INIT
823516,New York Yankees,St. Louis Cardinals,0.5555555555555556,0.4444444444444444,0.11111111111111116,2.6528031893811566,1.0268034809235145,BACKTEST_INIT
823517,New York Yankees,St. Louis Cardinals,0.49878934624697335,0.5012106537530266,0.002421307506053294,6.399933403403225,8.1074990404931,BACKTEST_INIT
823518,New York Yankees,Pittsburgh Pirates,0.5213675213675214,0.4786324786324786,0.042735042735042805,1.2551637939027984,1.1729397597778912,BACKTEST_INIT
823519,New York Yankees,Pittsburgh Pirates,0.5213675213675214,0.4786324786324786,0.042735042735042805,1.1757974650143308,1.0987726086912326,BACKTEST_INIT
823520,New York Yankees,St. Louis Cardinals,0.4975728155339806,0.5024271844660194,0.004854368932038833,1.6655872941591991,2.7260249463355555,BACKTEST_INIT
823521,New York Yankees,Los Angeles Dodgers,0.495575221238938,0.5044247787610621,0.008849557522124074,1.392799740775175,1.4692896952041736,BACKTEST_INIT
823522,New York Yankees,Pittsburgh Pirates,0.3333333333333333,0.6666666666666667,0.3333333333333334,2.0645888802885795,8.13482185072428,BACKTEST_INIT
823523,New York Yankees,Los Angeles Dodgers,0.495575221238938,0.5044247787610621,0.008849557522124074,1.392799740775175,1.4692896952041736,BACKTEST_INIT
823524,New York Yankees,Los Angeles Dodgers,0.5555555555555556,0.4444444444444444,0.11111111111111116,6.84038932578255,2.729301231098246,BACKTEST_INIT
823525,New York Yankees,Minnesota Twins,0.3333333333333333,0.6666666666666667,0.3333333333333334,3.4963128138226116,8.762486399763375,BACKTEST_INIT
823526,New York Yankees,Minnesota Twins,0.5654008438818565,0.4345991561181435,0.13080168776371304,3.4302132787056427,2.7466510107810476,BACKTEST_INIT
823527,New York Yankees,Minnesota Twins,0.3333333333333333,0.6666666666666667,0.3333333333333334,1.5317437947441634,6.3172198956986225,BACKTEST_INIT
823528,New York Yankees,Detroit Tigers,0.4930555555555556,0.5069444444444444,0.01388888888888884,3.581985878717326,6.420506391863256,BACKTEST_INIT
823529,New York Yankees,Detroit Tigers,0.4930555555555556,0.5069444444444444,0.01388888888888884,3.8415156668062282,5.761124332125932,BACKTEST_INIT
823530,New York Yankees,Detroit Tigers,0.4863013698630137,0.5136986301369864,0.027397260273972657,3.2374723117524424,7.929893362499982,BACKTEST_INIT
823531,New York Yankees,Cincinnati Reds,0.37200435729847503,0.627995642701525,0.25599128540304994,3.230954528617217,8.36895656370335,BACKTEST_INIT
823532,New York Yankees,Cincinnati Reds,0.5663716814159292,0.4336283185840708,0.1327433628318584,4.136850127838748,1.6546212032226513,BACKTEST_INIT
823533,New York Yankees,Chicago White Sox,0.6350263465378755,0.3649736534621245,0.27005269307575097,9.178201706953082,3.539024787691281,BACKTEST_INIT
823534,New York Yankees,Cincinnati Reds,0.5644444444444444,0.4355555555555556,0.12888888888888883,3.3862112927463386,2.5186202746115756,BACKTEST_INIT
823535,New York Yankees,Chicago White Sox,0.5714285714285714,0.4285714285714286,0.1428571428571428,4.604106441234182,2.4306823209623696,BACKTEST_INIT
823536,New York Yankees,Chicago White Sox,0.6666666666666666,0.33333333333333337,0.33333333333333326,9.476952172514407,2.4104300728710997,BACKTEST_INIT
823537,New York Yankees,Boston Red Sox,0.5375043550051579,0.4624956449948421,0.07500871001031584,1.9355473708673383,1.6200079268992633,BACKTEST_INIT
823538,New York Yankees,Boston Red Sox,0.5700483091787439,0.42995169082125606,0.14009661835748788,4.744685135720374,2.4359385448564206,BACKTEST_INIT
823539,New York Yankees,Boston Red Sox,0.5386934673366834,0.46130653266331656,0.07738693467336688,2.043906533716246,1.7755572404815352,BACKTEST_INIT
823540,New York Yankees,Cleveland Guardians,0.4947916666666667,0.5052083333333333,0.010416666666666574,3.9269853856948327,7.126388323342886,BACKTEST_INIT
823541,New York Yankees,Cleveland Guardians,0.6666666666666666,0.33333333333333337,0.33333333333333326,8.816633866643713,2.8475333109079513,BACKTEST_INIT
823542,New York Yankees,Cleveland Guardians,0.4949238578680203,0.5050761421319797,0.010152284263959421,3.9112588256544027,5.821023229153696,BACKTEST_INIT
823543,New York Yankees,Tampa Bay Rays,0.4967532467532468,0.5032467532467533,0.006493506493506496,1.749196126171828,4.164792324132117,BACKTEST_INIT
823544,New York Yankees,Tampa Bay Rays,0.49842271293375395,0.501577287066246,0.003154574132492094,1.2469725544840835,1.5731970871127052,BACKTEST_INIT
823545,New York Yankees,Toronto Blue Jays,0.5035460992907801,0.4964539007092199,0.007092198581560183,1.7094430046878497,2.9702848527233074,BACKTEST_INIT
823546,New York Yankees,Tampa Bay Rays,0.4983277591973244,0.5016722408026756,0.0033444816053511683,1.6159714157772633,4.017831166493304,BACKTEST_INIT
823547,New York Yankees,Toronto Blue Jays,0.5706806282722513,0.4293193717277487,0.1413612565445026,5.9080089517189425,4.7331654710804205,BACKTEST_INIT
823548,New York Yankees,Toronto Blue Jays,0.574468085106383,0.42553191489361697,0.14893617021276606,5.836242279821921,4.585158217545079,BACKTEST_INIT
823549,New York Yankees,Toronto Blue Jays,0.5324675324675323,0.4675324675324677,0.06493506493506462,3.44198621295662,3.2848051236342,BACKTEST_INIT
823550,New York Yankees,Texas Rangers,0.5624999999999999,0.4375000000000001,0.12499999999999978,6.150315569217371,2.4969372373410685,BACKTEST_INIT
823551,New York Yankees,Texas Rangers,0.5055555555555554,0.4944444444444446,0.01111111111111085,1.978103503576608,4.382427979344843,BACKTEST_INIT
823552,New York Yankees,Baltimore Orioles,0.6358578712126316,0.3641421287873684,0.2717157424252632,8.923442072700293,3.387550241362518,BACKTEST_INIT
823553,New York Yankees,Texas Rangers,0.6179943767572632,0.3820056232427368,0.23598875351452642,5.646034102135477,1.566473223987866,BACKTEST_INIT
823554,New York Yankees,Baltimore Orioles,0.5555555555555556,0.4444444444444444,0.11111111111111116,5.670981984697534,3.2658164283948565,BACKTEST_INIT
823555,New York Yankees,Baltimore Orioles,0.5572519083969466,0.4427480916030534,0.11450381679389321,7.1135862979965765,3.4013527323554436,BACKTEST_INIT
823556,New York Yankees,Kansas City Royals,0.6666666666666666,0.33333333333333337,0.33333333333333326,9.406099682711789,2.700336686803352,BACKTEST_INIT
823557,New York Yankees,Baltimore Orioles,0.5047619047619047,0.49523809523809526,0.00952380952380949,4.6871376307468475,5.433224191707211,BACKTEST_INIT
823558,New York Yankees,Kansas City Royals,0.5894736842105264,0.41052631578947363,0.17894736842105274,4.623206850942314,1.8532345244794124,BACKTEST_INIT
823559,New York Yankees,Kansas City Royals,0.4883720930232558,0.5116279069767442,0.023255813953488413,5.73114219859602,8.183959580019298,BACKTEST_INIT
823560,New York Yankees,Los Angeles Angels,0.4883720930232558,0.5116279069767442,0.023255813953488413,3.320578003133777,5.378485688615045,BACKTEST_INIT
823561,New York Yankees,Los Angeles Angels,0.3333333333333333,0.6666666666666667,0.3333333333333334,1.1463758475388275,7.078309475830208,BACKTEST_INIT
823562,New York Yankees,Los Angeles Angels,0.6025641025641025,0.39743589743589747,0.20512820512820507,8.998785132869756,7.342492791388151,BACKTEST_INIT
823563,New York Yankees,Los Angeles Angels,0.47368421052631576,0.5263157894736843,0.05263157894736853,4.00258987817254,4.413291363401469,BACKTEST_INIT
823564,New York Yankees,Athletics,0.5966386554621849,0.40336134453781514,0.19327731092436973,5.4809092767409044,4.315507552988477,BACKTEST_INIT
823565,New York Yankees,Athletics,0.4482758620689655,0.5517241379310345,0.10344827586206895,2.985339277397207,3.7892548074509165,BACKTEST_INIT
823566,New York Yankees,Miami Marlins,0.6063829787234043,0.3936170212765957,0.2127659574468086,7.531648474291886,5.082442743805555,BACKTEST_INIT
823567,New York Yankees,Athletics,0.5945945945945946,0.4054054054054054,0.18918918918918926,8.818463660201052,5.588490993307764,BACKTEST_INIT
823568,New York Yankees,Miami Marlins,0.5,0.5,0.0,2.3774032597687063,2.7234539830342412,BACKTEST_INIT
823569,New York Yankees,Miami Marlins,0.6259096422073985,0.37409035779260147,0.25181928441479706,7.1962571759396905,2.757358407798681,BACKTEST_INIT
823577,New York Mets,San Francisco Giants,0.5555555555555556,0.4444444444444444,0.11111111111111116,8.080386844628308,4.955672056761064,BACKTEST_INIT
823578,New York Mets,San Francisco Giants,0.48214285714285715,0.5178571428571428,0.03571428571428564,5.742083915972627,8.412066010258918,BACKTEST_INIT
823579,New York Mets,San Francisco Giants,0.5376532399299474,0.4623467600700526,0.0753064798598948,5.29326576797294,3.6687790126037476,BACKTEST_INIT
823580,New York Mets,Houston Astros,0.5398406374501992,0.46015936254980083,0.07968127490039834,4.334329438081124,3.0592553356150134,BACKTEST_INIT
823581,New York Mets,Milwaukee Brewers,0.3333333333333333,0.6666666666666667,0.3333333333333334,2.243862642853261,8.27036875264255,BACKTEST_INIT
823582,New York Mets,Houston Astros,0.48847926267281105,0.511520737327189,0.02304147465437789,1.1522024478153088,3.9811603966823914,BACKTEST_INIT
823583,New York Mets,Houston Astros,0.3333333333333333,0.6666666666666667,0.3333333333333334,1.1522024478153088,5.465341544724196,BACKTEST_INIT
823584,New York Mets,Milwaukee Brewers,0.49528301886792453,0.5047169811320755,0.009433962264150997,2.4542435637225646,3.093255683273327,BACKTEST_INIT
823585,New York Mets,Milwaukee Brewers,0.49047619047619045,0.5095238095238095,0.019047619047619035,2.272489700474748,4.355075702534166,BACKTEST_INIT
823586,New York Mets,San Diego Padres,0.5333333333333333,0.4666666666666667,0.06666666666666665,2.3298923192766674,1.9692444715462685,BACKTEST_INIT
823587,New York Mets,San Diego Padres,0.49038461538461536,0.5096153846153846,0.019230769230769218,2.262358936968748,3.5008261871897735,BACKTEST_INIT
823588,New York Mets,Washington Nationals,0.5408653846153846,0.4591346153846154,0.08173076923076916,2.620982575607829,2.273339809796248,BACKTEST_INIT
823589,New York Mets,San Diego Padres,0.5192307692307692,0.48076923076923084,0.038461538461538325,2.4193736405167,2.399430587643789,BACKTEST_INIT
823590,New York Mets,Washington Nationals,0.5398550724637681,0.46014492753623193,0.07971014492753614,3.8216729598124073,2.9986151532353547,BACKTEST_INIT
823591,New York Mets,Washington Nationals,0.494949494949495,0.505050505050505,0.01010101010101,1.7900743281670013,3.961243361729621,BACKTEST_INIT
823592,New York Mets,Miami Marlins,0.49756097560975604,0.5024390243902439,0.004878048780487865,2.556560256309134,5.139822959265868,BACKTEST_INIT
823593,New York Mets,Miami Marlins,0.5153374233128835,0.48466257668711654,0.030674846625766916,2.879935354246533,2.7961988238754207,BACKTEST_INIT
823594,New York Mets,Miami Marlins,0.5,0.5,0.0,2.7535244861777572,4.122262893521061,BACKTEST_INIT
823595,New York Mets,Miami Marlins,0.5,0.5,0.0,2.4362580108574847,3.0397187745129406,BACKTEST_INIT
823596,New York Mets,Atlanta Braves,0.4975369458128079,0.5024630541871922,0.004926108374384286,1.04137656782331,2.0757974176853713,BACKTEST_INIT
823597,New York Mets,Atlanta Braves,0.5555555555555556,0.4444444444444444,0.11111111111111116,4.81484495870002,2.8198052136790874,BACKTEST_INIT
823598,New York Mets,Atlanta Braves,0.4975369458128079,0.5024630541871922,0.004926108374384286,1.04137656782331,2.0757974176853713,BACKTEST_INIT
823599,New York Mets,Los Angeles Dodgers,0.4962962962962963,0.5037037037037038,0.007407407407407474,3.081080617609912,4.440279713670883,BACKTEST_INIT
823600,New York Mets,Los Angeles Dodgers,0.4962962962962963,0.5037037037037038,0.007407407407407474,2.9699401171219715,4.445304365951917,BACKTEST_INIT
823601,New York Mets,Los Angeles Dodgers,0.4962962962962963,0.5037037037037038,0.007407407407407474,3.7560394881753103,4.971143423222197,BACKTEST_INIT
823602,New York Mets,Boston Red Sox,0.4879518072289157,0.5120481927710843,0.024096385542168586,1.9239225872539794,4.476048941782961,BACKTEST_INIT
823603,New York Mets,Boston Red Sox,0.4909090909090909,0.509090909090909,0.018181818181818132,2.9794041470856474,4.818253389145507,BACKTEST_INIT
823604,New York Mets,Boston Red Sox,0.5573770491803278,0.4426229508196722,0.11475409836065564,3.997698799108418,3.0026730038314957,BACKTEST_INIT
823605,New York Mets,Kansas City Royals,0.49543378995433784,0.5045662100456622,0.009132420091324311,8.985329611354288,9.025291272327673,BACKTEST_INIT
823606,New York Mets,Kansas City Royals,0.6666666666666666,0.33333333333333337,0.33333333333333326,6.4634311392607895,1.173216862602084,BACKTEST_INIT
823607,New York Mets,Kansas City Royals,0.4840764331210191,0.5159235668789809,0.031847133757961776,5.075153096487087,7.126951398477415,BACKTEST_INIT
823608,New York Mets,Philadelphia Phillies,0.5627705627705628,0.4372294372294372,0.12554112554112562,4.755399464105356,2.7489049565981465,BACKTEST_INIT
823609,New York Mets,Philadelphia Phillies,0.49645390070921985,0.5035460992907801,0.007092198581560238,2.360989497836036,3.0155432933403925,BACKTEST_INIT
823610,New York Mets,Philadelphia Phillies,0.49645390070921985,0.5035460992907801,0.007092198581560238,3.9370078397332744,4.913104037223102,BACKTEST_INIT
823611,New York Mets,Chicago Cubs,0.5,0.5,0.0,4.63029575381153,9.66445804074614,BACKTEST_INIT
823612,New York Mets,Chicago Cubs,0.3333333333333333,0.6666666666666667,0.3333333333333334,3.9791451912316465,9.805694295245164,BACKTEST_INIT
823613,New York Mets,Chicago Cubs,0.5,0.5,0.0,4.63029575381153,9.66445804074614,BACKTEST_INIT
823614,New York Mets,Chicago Cubs,0.5037037037037037,0.49629629629629635,0.007407407407407307,1.6542574684691957,2.544781428758302,BACKTEST_INIT
823615,New York Mets,Atlanta Braves,0.5088028169014085,0.4911971830985915,0.01760563380281699,1.9015864397235025,3.2373342350600582,BACKTEST_INIT
823616,New York Mets,Atlanta Braves,0.5694444444444444,0.4305555555555556,0.13888888888888884,5.8719859958484095,3.614137787351726,BACKTEST_INIT
823617,New York Mets,Atlanta Braves,0.5027223230490018,0.4972776769509982,0.005444646098003547,2.5594121795208675,2.1709576480743777,BACKTEST_INIT
823618,New York Mets,St. Louis Cardinals,0.3333333333333333,0.6666666666666667,0.3333333333333334,1.8130364783289212,6.085569668893649,BACKTEST_INIT
823619,New York Mets,St. Louis Cardinals,0.3333333333333333,0.6666666666666667,0.3333333333333334,1.98057078798244,7.944744509378461,BACKTEST_INIT
823620,New York Mets,St. Louis Cardinals,0.5639810426540284,0.4360189573459716,0.12796208530805675,5.238549279361569,3.149186535955703,BACKTEST_INIT
823621,New York Mets,Miami Marlins,0.6499407480763988,0.3500592519236012,0.2998814961527976,6.459045397308703,1.8239965958699036,BACKTEST_INIT
823622,New York Mets,Miami Marlins,0.5750000000000001,0.42499999999999993,0.15000000000000013,8.654718160643059,6.2753505162744485,BACKTEST_INIT
823623,New York Mets,Miami Marlins,0.5104166666666666,0.48958333333333337,0.02083333333333326,2.296874163535859,2.172568221588875,BACKTEST_INIT
823624,New York Mets,Cincinnati Reds,0.3333333333333333,0.6666666666666667,0.3333333333333334,1.3313040622677341,6.226070866076601,BACKTEST_INIT
823625,New York Mets,Cincinnati Reds,0.49230769230769234,0.5076923076923077,0.01538461538461533,1.1513945438487536,1.6725659316159005,BACKTEST_INIT
823626,New York Mets,Cincinnati Reds,0.3333333333333333,0.6666666666666667,0.3333333333333334,1.5184053896185834,6.817916375810025,BACKTEST_INIT
823627,New York Mets,New York Yankees,0.5168539325842697,0.4831460674157303,0.03370786516853941,2.8010802688226204,4.225164909095095,BACKTEST_INIT
823628,New York Mets,New York Yankees,0.572972972972973,0.427027027027027,0.145945945945946,4.8149611474058425,3.905782153556854,BACKTEST_INIT
823629,New York Mets,New York Yankees,0.572972972972973,0.427027027027027,0.145945945945946,6.876744444702723,3.661099070271887,BACKTEST_INIT
823630,New York Mets,Detroit Tigers,0.5508021390374331,0.44919786096256686,0.10160427807486627,3.1116068372190364,2.757245691183603,BACKTEST_INIT
823631,New York Mets,Detroit Tigers,0.5984882376137881,0.4015117623862119,0.19697647522757622,8.240270677440638,3.0980400996302544,BACKTEST_INIT
823632,New York Mets,Detroit Tigers,0.5106382978723404,0.4893617021276596,0.02127659574468077,1.795125998136297,3.5188950467212097,BACKTEST_INIT
823633,New York Mets,Washington Nationals,0.6666666666666666,0.33333333333333337,0.33333333333333326,7.9046557067203,1.7644178147669445,BACKTEST_INIT
823634,New York Mets,Washington Nationals,0.3333333333333333,0.6666666666666667,0.3333333333333334,1.8441668109992009,9.553086408807424,BACKTEST_INIT
823635,New York Mets,Colorado Rockies,0.5,0.5,0.0,1.2063817719076741,1.4695634977409127,BACKTEST_INIT
823636,New York Mets,Washington Nationals,0.5,0.5,0.0,1.81070646224667,2.8683023162999213,BACKTEST_INIT
823637,New York Mets,Colorado Rockies,0.5,0.5,0.0,1.2063817719076741,1.4695634977409127,BACKTEST_INIT
823638,New York Mets,Colorado Rockies,0.5714285714285714,0.4285714285714286,0.1428571428571428,9.611523846413426,7.489713673051957,BACKTEST_INIT
823639,New York Mets,Minnesota Twins,0.5733944954128442,0.42660550458715585,0.1467889908256883,3.271322329081093,3.109424598922864,BACKTEST_INIT
823640,New York Mets,Minnesota Twins,0.5857142857142857,0.41428571428571426,0.17142857142857149,3.5763488036623343,2.83143624491454,BACKTEST_INIT
823641,New York Mets,Minnesota Twins,0.47560975609756095,0.524390243902439,0.04878048780487809,3.177436530132491,3.6266769778307317,BACKTEST_INIT
823642,New York Mets,Athletics,0.4444444444444444,0.5555555555555556,0.11111111111111116,4.355108624183253,8.283350894816971,BACKTEST_INIT
823643,New York Mets,Athletics,0.43137254901960786,0.5686274509803921,0.13725490196078427,2.2904472127776234,4.5395306577620715,BACKTEST_INIT
823644,New York Mets,Athletics,0.42105263157894735,0.5789473684210527,0.1578947368421053,1.7443700896723984,4.6494014452893095,BACKTEST_INIT
823645,New York Mets,Arizona Diamondbacks,0.4444444444444444,0.5555555555555556,0.11111111111111116,3.461187202332169,6.797085682543578,BACKTEST_INIT
823646,New York Mets,Arizona Diamondbacks,0.5966386554621849,0.40336134453781514,0.19327731092436973,3.4430228115497084,2.5229096545131613,BACKTEST_INIT
823647,New York Mets,Pittsburgh Pirates,0.71092,0.28908,0.42184,5.57780088558246,3.6861858428063243,BACKTEST_INIT
823648,New York Mets,Arizona Diamondbacks,0.5945945945945946,0.4054054054054054,0.18918918918918926,3.779012352431593,2.7557528660834167,BACKTEST_INIT
823649,New York Mets,Pittsburgh Pirates,0.4646,0.5354,0.07079999999999997,3.858224751987265,4.162326485888925,BACKTEST_INIT
823651,New York Mets,Pittsburgh Pirates,0.69294,0.30706,0.38588,7.501267544680404,5.4460643790223005,BACKTEST_INIT
823660,Minnesota Twins,Detroit Tigers,0.6666666666666666,0.33333333333333337,0.33333333333333326,9.485981940917505,1.7367447632634176,BACKTEST_INIT
823661,Minnesota Twins,Detroit Tigers,0.6666666666666666,0.33333333333333337,0.33333333333333326,9.413019652074908,1.6557588459829722,BACKTEST_INIT
823662,Minnesota Twins,Chicago White Sox,0.5138888888888888,0.48611111111111116,0.02777777777777768,3.0882613387400504,3.5072537871913188,BACKTEST_INIT
823663,Minnesota Twins,Detroit Tigers,0.5555555555555556,0.4444444444444444,0.11111111111111116,4.567464191022772,1.9589303710021722,BACKTEST_INIT
823664,Minnesota Twins,Atlanta Braves,0.5387387387387388,0.4612612612612612,0.07747747747747757,3.626203460102648,2.338134696532576,BACKTEST_INIT
823665,Minnesota Twins,Chicago White Sox,0.48847926267281105,0.511520737327189,0.02304147465437789,3.3371485165744392,7.558138783300889,BACKTEST_INIT
823666,Minnesota Twins,Chicago White Sox,0.3333333333333333,0.6666666666666667,0.3333333333333334,2.996948282832128,8.681018526180962,BACKTEST_INIT
823667,Minnesota Twins,Atlanta Braves,0.5379061371841155,0.4620938628158845,0.07581227436823101,3.237431449237946,2.449650838190605,BACKTEST_INIT
823668,Minnesota Twins,Atlanta Braves,0.49019607843137253,0.5098039215686274,0.019607843137254888,3.1012351720778994,6.313820274348253,BACKTEST_INIT
823669,Minnesota Twins,Philadelphia Phillies,0.5555555555555556,0.4444444444444444,0.11111111111111116,6.190743745222716,3.0060638680327525,BACKTEST_INIT
823670,Minnesota Twins,Philadelphia Phillies,0.3333333333333333,0.6666666666666667,0.3333333333333334,1.5218719125976141,7.88951384478975,BACKTEST_INIT
823671,Minnesota Twins,Philadelphia Phillies,0.3333333333333333,0.6666666666666667,0.3333333333333334,1.7081626088811004,6.3024328628926956,BACKTEST_INIT
823672,Minnesota Twins,Baltimore Orioles,0.49645390070921985,0.5035460992907801,0.007092198581560238,2.005312782464618,5.9253887548552004,BACKTEST_INIT
823673,Minnesota Twins,Baltimore Orioles,0.5448916408668731,0.45510835913312686,0.08978328173374628,7.862328522277059,5.719783025801741,BACKTEST_INIT
823674,Minnesota Twins,Kansas City Royals,0.5,0.5,0.0,1.806992591571401,2.6278577904764795,BACKTEST_INIT
823675,Minnesota Twins,Baltimore Orioles,0.4976303317535545,0.5023696682464456,0.0047393364928911,4.345956019799662,7.261160890192109,BACKTEST_INIT
823676,Minnesota Twins,Kansas City Royals,0.512241054613936,0.487758945386064,0.024482109227871973,7.864076107253229,7.237785180976258,BACKTEST_INIT
823677,Minnesota Twins,Kansas City Royals,0.5448717948717948,0.4551282051282052,0.08974358974358965,2.831587577775474,2.072245684990924,BACKTEST_INIT
823678,Minnesota Twins,Athletics,0.5488215488215488,0.45117845117845123,0.09764309764309753,2.4925736537052017,1.4680534855176564,BACKTEST_INIT
823679,Minnesota Twins,Athletics,0.5111111111111111,0.48888888888888893,0.022222222222222143,2.544336015727252,2.3760444451481026,BACKTEST_INIT
823680,Minnesota Twins,Athletics,0.5555555555555556,0.4444444444444444,0.11111111111111116,4.56082403020501,2.4997460238151445,BACKTEST_INIT
823681,Minnesota Twins,Los Angeles Angels,0.5546218487394958,0.4453781512605042,0.10924369747899165,4.4137561433229076,3.778768699802878,BACKTEST_INIT
823682,Minnesota Twins,Los Angeles Angels,0.4988864142538976,0.5011135857461024,0.0022271714922048047,3.947994484533673,4.310523588889717,BACKTEST_INIT
823683,Minnesota Twins,Cleveland Guardians,0.5578512396694215,0.4421487603305785,0.11570247933884303,4.9598784065606845,3.761349818549143,BACKTEST_INIT
823684,Minnesota Twins,Cleveland Guardians,0.5578512396694215,0.4421487603305785,0.11570247933884303,3.611312505457021,2.5237160353132246,BACKTEST_INIT
823685,Minnesota Twins,Los Angeles Angels,0.515625,0.484375,0.03125,4.038087844163007,3.968025201458316,BACKTEST_INIT
823686,Minnesota Twins,Colorado Rockies,0.5,0.5,0.0,5.356739638261724,7.039043098588948,BACKTEST_INIT
823687,Minnesota Twins,Cleveland Guardians,0.5625,0.4375,0.125,7.621004466282372,3.482861813903903,BACKTEST_INIT
823688,Minnesota Twins,Colorado Rockies,0.5088757396449705,0.49112426035502954,0.01775147928994092,3.6777697521321286,3.6297707831849886,BACKTEST_INIT
823689,Minnesota Twins,Colorado Rockies,0.5633187772925764,0.4366812227074236,0.1266375545851528,8.096305893370973,6.497990109095033,BACKTEST_INIT
823690,Minnesota Twins,Los Angeles Dodgers,0.5614035087719298,0.4385964912280702,0.12280701754385959,2.8972256985100557,1.7043272244048335,BACKTEST_INIT
823691,Minnesota Twins,Los Angeles Dodgers,0.3333333333333333,0.6666666666666667,0.3333333333333334,2.9386674072413212,11.00907445474515,BACKTEST_INIT
823692,Minnesota Twins,Los Angeles Dodgers,0.5614035087719298,0.4385964912280702,0.12280701754385959,3.7867636833037057,1.5687541460164007,BACKTEST_INIT
823693,Minnesota Twins,St. Louis Cardinals,0.5088028169014085,0.4911971830985915,0.01760563380281699,5.544705214470438,7.931524851957157,BACKTEST_INIT
823694,Minnesota Twins,St. Louis Cardinals,0.5694444444444444,0.4305555555555556,0.13888888888888884,9.99239628724917,7.7681146643010015,BACKTEST_INIT
823695,Minnesota Twins,St. Louis Cardinals,0.3333333333333333,0.6666666666666667,0.3333333333333334,1.8783107693294148,6.992820772340094,BACKTEST_INIT
823696,Minnesota Twins,Kansas City Royals,0.4990328820116054,0.5009671179883946,0.001934235976789156,3.064069445186463,3.5894764597895517,BACKTEST_INIT
823697,Minnesota Twins,Kansas City Royals,0.5700483091787439,0.42995169082125606,0.14009661835748788,5.015702498453077,3.8066501399663415,BACKTEST_INIT
823698,Minnesota Twins,Kansas City Royals,0.4949238578680203,0.5050761421319797,0.010152284263959421,2.3598393576906895,6.429393420216929,BACKTEST_INIT
823699,Minnesota Twins,Kansas City Royals,0.4960159362549801,0.5039840637450199,0.007968127490039834,4.6972735403307855,6.618809400412827,BACKTEST_INIT
823700,Minnesota Twins,Chicago White Sox,0.5765765765765766,0.42342342342342343,0.15315315315315314,9.409901062254939,5.390688862090448,BACKTEST_INIT
823701,Minnesota Twins,Chicago White Sox,0.5756097560975609,0.42439024390243907,0.15121951219512186,6.526279230566052,4.932335357585922,BACKTEST_INIT
823702,Minnesota Twins,Chicago White Sox,0.4909090909090909,0.509090909090909,0.018181818181818132,2.467617611232882,5.10659976249193,BACKTEST_INIT
823703,Minnesota Twins,Houston Astros,0.536,0.46399999999999997,0.07200000000000006,2.0467944818468418,1.7974736842258654,BACKTEST_INIT
823704,Minnesota Twins,Houston Astros,0.574468085106383,0.42553191489361697,0.14893617021276606,5.529565575206759,1.763458200590447,BACKTEST_INIT
823705,Minnesota Twins,Houston Astros,0.6666666666666666,0.33333333333333337,0.33333333333333326,9.409578308680903,1.4876713855308414,BACKTEST_INIT
823706,Minnesota Twins,Milwaukee Brewers,0.5168539325842697,0.4831460674157303,0.03370786516853941,2.8707836898760224,3.1762742531243813,BACKTEST_INIT
823707,Minnesota Twins,Milwaukee Brewers,0.5510204081632653,0.44897959183673475,0.1020408163265305,3.9148387210240605,3.4510060309042894,BACKTEST_INIT
823708,Minnesota Twins,Milwaukee Brewers,0.5185185185185187,0.4814814814814813,0.037037037037037424,2.6410860462919974,3.0387233528653828,BACKTEST_INIT
823709,Minnesota Twins,Miami Marlins,0.3333333333333333,0.6666666666666667,0.3333333333333334,3.732188421279057,9.691954201558616,BACKTEST_INIT
823710,Minnesota Twins,Miami Marlins,0.5683060109289617,0.4316939890710383,0.13661202185792343,2.383696786137371,1.5880067913262546,BACKTEST_INIT
823711,Minnesota Twins,Toronto Blue Jays,0.4226579520697169,0.5773420479302831,0.1546840958605662,4.112656667898836,9.302746872267335,BACKTEST_INIT
823712,Minnesota Twins,Miami Marlins,0.5106382978723404,0.4893617021276596,0.02127659574468077,2.4316792340213835,3.544639711001662,BACKTEST_INIT
823713,Minnesota Twins,Toronto Blue Jays,0.6666666666666666,0.33333333333333337,0.33333333333333326,6.199753849641356,1.158539861875258,BACKTEST_INIT
823714,Minnesota Twins,Toronto Blue Jays,0.3333333333333333,0.6666666666666667,0.3333333333333334,1.53643460495737,8.385458435224443,BACKTEST_INIT
823715,Minnesota Twins,Toronto Blue Jays,0.49999999999999994,0.5,5.551115123125783e-17,3.919800792834654,6.109421657562388,BACKTEST_INIT
823716,Minnesota Twins,Seattle Mariners,0.5621301775147929,0.4378698224852071,0.12426035502958577,8.933677637539336,3.9868624769694874,BACKTEST_INIT
823717,Minnesota Twins,Seattle Mariners,0.3333333333333333,0.6666666666666667,0.3333333333333334,1.1675233331694665,6.028278806068535,BACKTEST_INIT
823718,Minnesota Twins,Cincinnati Reds,0.46938775510204084,0.5306122448979591,0.06122448979591827,2.4962879165326575,3.8005264327958193,BACKTEST_INIT
823719,Minnesota Twins,Seattle Mariners,0.5,0.5,0.0,3.239746794223751,4.528517754789644,BACKTEST_INIT
823720,Minnesota Twins,Cincinnati Reds,0.5989010989010988,0.40109890109890123,0.19780219780219754,5.589405928966565,3.6280252134688427,BACKTEST_INIT
823721,Minnesota Twins,Cincinnati Reds,0.4772727272727273,0.5227272727272727,0.045454545454545414,1.732778298858709,3.146474127956971,BACKTEST_INIT
823722,Minnesota Twins,Boston Red Sox,0.6466764571932363,0.3533235428067637,0.2933529143864726,6.560265163071602,1.9377046341761628,BACKTEST_INIT
823723,Minnesota Twins,Boston Red Sox,0.6025641025641025,0.39743589743589747,0.20512820512820507,8.780240231998018,5.7225384560071175,BACKTEST_INIT
823724,Minnesota Twins,Detroit Tigers,0.5968992248062015,0.4031007751937985,0.193798449612403,6.590526303031479,4.590813270527265,BACKTEST_INIT
823725,Minnesota Twins,Boston Red Sox,0.4473684210526316,0.5526315789473684,0.10526315789473678,2.9769409949438352,5.939670163395723,BACKTEST_INIT
823726,Minnesota Twins,Detroit Tigers,0.5966386554621849,0.40336134453781514,0.19327731092436973,5.40856708788722,2.654358131805706,BACKTEST_INIT
823727,Minnesota Twins,Detroit Tigers,0.5945945945945946,0.4054054054054054,0.18918918918918926,5.504616409272277,2.4671556621748243,BACKTEST_INIT
823728,Minnesota Twins,Detroit Tigers,0.41379310344827586,0.5862068965517242,0.17241379310344834,2.0205660626196207,2.7408200959703795,BACKTEST_INIT
823729,Minnesota Twins,Tampa Bay Rays,0.3333333333333333,0.6666666666666667,0.3333333333333334,1.1625146490149214,6.528948398859204,BACKTEST_INIT
823730,Minnesota Twins,Tampa Bay Rays,0.6666666666666666,0.33333333333333337,0.33333333333333326,8.486483358456566,2.8472737112152853,BACKTEST_INIT
823732,Minnesota Twins,Tampa Bay Rays,0.6323529411764706,0.36764705882352944,0.2647058823529411,5.076148851081001,2.26016165242853,BACKTEST_INIT
823740,Milwaukee Brewers,Texas Rangers,0.5555555555555556,0.4444444444444444,0.11111111111111116,5.77476124986025,2.6227324079094823,BACKTEST_INIT
823741,Milwaukee Brewers,Texas Rangers,0.5555555555555556,0.4444444444444444,0.11111111111111116,6.357801612473269,2.417391707041993,BACKTEST_INIT
823742,Milwaukee Brewers,Chicago Cubs,0.5555555555555556,0.4444444444444444,0.11111111111111116,9.259896947236241,4.53751980801004,BACKTEST_INIT
823743,Milwaukee Brewers,Atlanta Braves,0.5386243386243387,0.46137566137566133,0.07724867724867734,3.0620133018830433,2.4286896872549364,BACKTEST_INIT
823744,Milwaukee Brewers,Texas Rangers,0.5555555555555556,0.4444444444444444,0.11111111111111116,9.148920721657639,4.306412667906544,BACKTEST_INIT
823745,Milwaukee Brewers,Atlanta Braves,0.5402298850574713,0.45977011494252873,0.08045977011494254,3.202742156064287,2.150140465531671,BACKTEST_INIT
823746,Milwaukee Brewers,Atlanta Braves,0.5385996409335727,0.4614003590664273,0.07719928186714542,4.0172003064449,3.111145753694303,BACKTEST_INIT
823747,Milwaukee Brewers,Seattle Mariners,0.49038461538461536,0.5096153846153846,0.019230769230769218,4.765130770894746,5.921682236625631,BACKTEST_INIT
823748,Milwaukee Brewers,Seattle Mariners,0.6666666666666666,0.33333333333333337,0.33333333333333326,9.542486115774432,1.5172772325410067,BACKTEST_INIT
823749,Milwaukee Brewers,Seattle Mariners,0.5379061371841155,0.4620938628158845,0.07581227436823101,3.551972335453219,2.669145503878051,BACKTEST_INIT
823750,Milwaukee Brewers,Minnesota Twins,0.5,0.5,0.0,2.9218266238419446,3.542147956577658,BACKTEST_INIT
823751,Milwaukee Brewers,Minnesota Twins,0.5466237942122186,0.4533762057877814,0.09324758842443726,4.677387246940601,4.055923252699726,BACKTEST_INIT
823752,Milwaukee Brewers,Minnesota Twins,0.4988066825775656,0.5011933174224343,0.002386634844868729,4.708883969991506,6.544708566852352,BACKTEST_INIT
823753,Milwaukee Brewers,Pittsburgh Pirates,0.5472312703583062,0.4527687296416938,0.09446254071661242,3.7600608630312538,2.945841505711169,BACKTEST_INIT
823754,Milwaukee Brewers,Pittsburgh Pirates,0.5487012987012987,0.4512987012987013,0.09740259740259738,3.7512128898822708,2.799305552018165,BACKTEST_INIT
823755,Milwaukee Brewers,Colorado Rockies,0.5555555555555556,0.4444444444444444,0.11111111111111116,7.6537750878780715,4.091757951854295,BACKTEST_INIT
823756,Milwaukee Brewers,Pittsburgh Pirates,0.5224719101123596,0.4775280898876404,0.04494382022471921,3.602870756638314,3.5443312040577566,BACKTEST_INIT
823757,Milwaukee Brewers,Pittsburgh Pirates,0.5384615384615384,0.46153846153846156,0.07692307692307687,3.4351124286026007,2.9856402383613476,BACKTEST_INIT
823758,Milwaukee Brewers,Colorado Rockies,0.5,0.5,0.0,3.1390159924628196,3.409366870471124,BACKTEST_INIT
823759,Milwaukee Brewers,Colorado Rockies,0.5571053163533456,0.4428946836466544,0.11421063270669118,5.56836941849004,1.8976413478401477,BACKTEST_INIT
823760,Milwaukee Brewers,New York Mets,0.5555555555555556,0.4444444444444444,0.11111111111111116,8.467689664072477,4.162857340392506,BACKTEST_INIT
823761,Milwaukee Brewers,New York Mets,0.4975247524752475,0.5024752475247525,0.004950495049504955,1.2604309674189218,3.808748908732092,BACKTEST_INIT
823762,Milwaukee Brewers,New York Mets,0.49617151607963245,0.5038284839203675,0.007656967840735052,2.678722849374828,5.106596596823373,BACKTEST_INIT
823763,Milwaukee Brewers,Miami Marlins,0.5582329317269076,0.4417670682730924,0.11646586345381515,3.4180760847485745,2.234642355070028,BACKTEST_INIT
823764,Milwaukee Brewers,Miami Marlins,0.5577689243027888,0.4422310756972112,0.11553784860557759,7.285441723727736,4.324654268781471,BACKTEST_INIT
823765,Milwaukee Brewers,Cincinnati Reds,0.5622317596566524,0.4377682403433476,0.1244635193133048,4.218359654568988,2.4420991313376303,BACKTEST_INIT
823766,Milwaukee Brewers,Miami Marlins,0.4880952380952381,0.5119047619047619,0.02380952380952378,3.987518134595499,5.9864270944925995,BACKTEST_INIT
823767,Milwaukee Brewers,Cincinnati Reds,0.5627705627705628,0.4372294372294372,0.12554112554112562,6.412450497983338,3.049354948211745,BACKTEST_INIT
823768,Milwaukee Brewers,Cincinnati Reds,0.5627705627705628,0.4372294372294372,0.12554112554112562,5.59007039165461,3.876651721111661,BACKTEST_INIT
823769,Milwaukee Brewers,Chicago Cubs,0.3333333333333333,0.6666666666666667,0.3333333333333334,3.1043230094100274,8.589124789382385,BACKTEST_INIT
823770,Milwaukee Brewers,Chicago Cubs,0.5633187772925764,0.4366812227074236,0.1266375545851528,5.120069791329364,2.5924950562234335,BACKTEST_INIT
823771,Milwaukee Brewers,Cincinnati Reds,0.5627705627705628,0.4372294372294372,0.12554112554112562,6.3659150175184,4.632504889906852,BACKTEST_INIT
823772,Milwaukee Brewers,Cleveland Guardians,0.6666666666666666,0.33333333333333337,0.33333333333333326,9.268833735505577,2.3631674485981478,BACKTEST_INIT
823773,Milwaukee Brewers,Chicago Cubs,0.5633187772925764,0.4366812227074236,0.1266375545851528,3.90391390973502,2.806111313655564,BACKTEST_INIT
823774,Milwaukee Brewers,Cleveland Guardians,0.5703125,0.4296875,0.140625,2.258118456442161,1.4841731330600967,BACKTEST_INIT
823775,Milwaukee Brewers,Cleveland Guardians,0.5714285714285714,0.4285714285714286,0.1428571428571428,2.149149502373458,1.4354796046917075,BACKTEST_INIT
823776,Milwaukee Brewers,Philadelphia Phillies,0.5694444444444444,0.4305555555555556,0.13888888888888884,4.5566223760132,1.53393522891398,BACKTEST_INIT
823777,Milwaukee Brewers,Philadelphia Phillies,0.5088028169014085,0.4911971830985915,0.01760563380281699,7.396811131020569,8.30431189988782,BACKTEST_INIT
823778,Milwaukee Brewers,Philadelphia Phillies,0.5,0.5,0.0,2.203858815565734,5.985143704427228,BACKTEST_INIT
823779,Milwaukee Brewers,San Francisco Giants,0.4949238578680203,0.5050761421319797,0.010152284263959421,1.2402543034112468,2.690221719583009,BACKTEST_INIT
823780,Milwaukee Brewers,San Francisco Giants,0.6666666666666666,0.33333333333333337,0.33333333333333326,8.60635491314735,2.979615581073869,BACKTEST_INIT
823781,Milwaukee Brewers,San Francisco Giants,0.5787234042553191,0.4212765957446809,0.1574468085106382,5.506834441570508,3.0244167793440004,BACKTEST_INIT
823782,Milwaukee Brewers,San Francisco Giants,0.6666666666666666,0.33333333333333337,0.33333333333333326,9.540995102318842,2.928800049744729,BACKTEST_INIT
823783,Milwaukee Brewers,St. Louis Cardinals,0.5751295336787565,0.4248704663212435,0.15025906735751304,5.041491898494925,1.8326248579446562,BACKTEST_INIT
823784,Milwaukee Brewers,St. Louis Cardinals,0.5351416486326974,0.4648583513673026,0.07028329726539484,2.6761916766356912,2.239217669123329,BACKTEST_INIT
823785,Milwaukee Brewers,St. Louis Cardinals,0.5751295336787565,0.4248704663212435,0.15025906735751304,4.012799169397688,2.167248085326194,BACKTEST_INIT
823786,Milwaukee Brewers,Los Angeles Dodgers,0.3333333333333333,0.6666666666666667,0.3333333333333334,3.5126365170677847,9.22877752600661,BACKTEST_INIT
823787,Milwaukee Brewers,Los Angeles Dodgers,0.5706806282722513,0.4293193717277487,0.1413612565445026,3.8781080547660425,2.505713185788311,BACKTEST_INIT
823788,Milwaukee Brewers,Los Angeles Dodgers,0.4983277591973244,0.5016722408026756,0.0033444816053511683,2.474814923195817,2.638772410816889,BACKTEST_INIT
823789,Milwaukee Brewers,San Diego Padres,0.5078534031413613,0.4921465968586387,0.015706806282722585,2.115214445866649,2.6468425804241944,BACKTEST_INIT
823790,Milwaukee Brewers,San Diego Padres,0.565934065934066,0.43406593406593397,0.13186813186813207,4.113918549289679,1.732277097579173,BACKTEST_INIT
823791,Milwaukee Brewers,San Diego Padres,0.5683060109289617,0.4316939890710383,0.13661202185792343,5.190840392274891,2.611977268478026,BACKTEST_INIT
823792,Milwaukee Brewers,New York Yankees,0.564245810055866,0.43575418994413395,0.1284916201117321,5.220237172379067,2.701888139563941,BACKTEST_INIT
823793,Milwaukee Brewers,New York Yankees,0.564245810055866,0.43575418994413395,0.1284916201117321,4.4435338744337916,2.6351444522399956,BACKTEST_INIT
823794,Milwaukee Brewers,New York Yankees,0.5317460317460317,0.46825396825396826,0.06349206349206349,3.561212044272128,3.016582392383193,BACKTEST_INIT
823795,Milwaukee Brewers,Arizona Diamondbacks,0.4636091724825524,0.5363908275174476,0.0727816550348952,1.1727863299778603,4.487248915306636,BACKTEST_INIT
823796,Milwaukee Brewers,Arizona Diamondbacks,0.6666666666666666,0.33333333333333337,0.33333333333333326,9.289395527768807,3.0709465391152593,BACKTEST_INIT
823797,Milwaukee Brewers,Pittsburgh Pirates,0.5,0.5,0.0,1.9928000926573042,5.247288255152984,BACKTEST_INIT
823798,Milwaukee Brewers,Arizona Diamondbacks,0.5,0.5,0.0,3.877536222055698,4.381606091149138,BACKTEST_INIT
823799,Milwaukee Brewers,Pittsburgh Pirates,0.49056603773584906,0.5094339622641509,0.018867924528301883,1.5379614510553457,4.375580870011819,BACKTEST_INIT
823800,Milwaukee Brewers,Pittsburgh Pirates,0.5714285714285714,0.4285714285714286,0.1428571428571428,3.1792191051952288,2.121130607856343,BACKTEST_INIT
823801,Milwaukee Brewers,Toronto Blue Jays,0.6057142857142858,0.39428571428571424,0.21142857142857152,2.5609680366829064,1.462994465809035,BACKTEST_INIT
823802,Milwaukee Brewers,Toronto Blue Jays,0.6025641025641025,0.39743589743589747,0.20512820512820507,4.812081086288394,4.835510749417557,BACKTEST_INIT
823803,Milwaukee Brewers,Toronto Blue Jays,0.4878048780487805,0.5121951219512195,0.024390243902439046,6.197368264814151,7.098951884052152,BACKTEST_INIT
823804,Milwaukee Brewers,Washington Nationals,0.4444444444444444,0.5555555555555556,0.11111111111111116,2.7497545554067013,3.973333723997484,BACKTEST_INIT
823805,Milwaukee Brewers,Washington Nationals,0.42105263157894735,0.5789473684210527,0.1578947368421053,3.4091254230879944,6.313332251028389,BACKTEST_INIT
823806,Milwaukee Brewers,Tampa Bay Rays,0.6153846153846154,0.3846153846153846,0.23076923076923084,4.349085603488142,2.7369703631336924,BACKTEST_INIT
823807,Milwaukee Brewers,Tampa Bay Rays,0.5,0.5,0.0,2.1361931872809046,3.7640642753048086,BACKTEST_INIT
823808,Milwaukee Brewers,Washington Nationals,0.6030534351145038,0.3969465648854962,0.20610687022900764,3.388207764353613,3.430186293022606,BACKTEST_INIT
823809,Milwaukee Brewers,Tampa Bay Rays,0.54448,0.45552,0.08895999999999998,7.701999327416198,7.295605802329552,BACKTEST_INIT
823810,Milwaukee Brewers,Chicago White Sox,0.93804,0.06196,0.87608,7.739371594921575,2.455961470104106,BACKTEST_INIT
823811,Milwaukee Brewers,Chicago White Sox,0.94662,0.05338,0.89324,8.364037687514944,2.633877463763605,BACKTEST_INIT
823812,Milwaukee Brewers,Chicago White Sox,0.5652,0.4348,0.13040000000000002,4.563192412607039,4.059474277647809,BACKTEST_INIT
823820,Miami Marlins,New York Mets,0.48214285714285715,0.5178571428571428,0.03571428571428564,4.420417802425311,5.349557267203322,BACKTEST_INIT
823822,Miami Marlins,Chicago Cubs,0.48214285714285715,0.5178571428571428,0.03571428571428564,3.3029668211607706,5.672808781153691,BACKTEST_INIT
823823,Miami Marlins,Chicago Cubs,0.3333333333333333,0.6666666666666667,0.3333333333333334,1.3308141814082401,5.492258448533576,BACKTEST_INIT
823824,Miami Marlins,Chicago Cubs,0.3333333333333333,0.6666666666666667,0.3333333333333334,1.3473081697237501,4.907341423014782,BACKTEST_INIT
823825,Miami Marlins,Boston Red Sox,0.49528301886792453,0.5047169811320755,0.009433962264150997,3.18104910278775,6.296797237513772,BACKTEST_INIT
823826,Miami Marlins,Boston Red Sox,0.49047619047619045,0.5095238095238095,0.019047619047619035,3.1579570966842128,4.172215506400832,BACKTEST_INIT
823827,Miami Marlins,Washington Nationals,0.5402298850574713,0.45977011494252873,0.08045977011494254,3.025992844367372,2.0006320100773687,BACKTEST_INIT
823828,Miami Marlins,Boston Red Sox,0.5488492056220337,0.45115079437796635,0.0976984112440673,5.914858080182208,3.9226056528792324,BACKTEST_INIT
823829,Miami Marlins,Pittsburgh Pirates,0.6666666666666666,0.33333333333333337,0.33333333333333326,9.301037317875673,2.4093738854164743,BACKTEST_INIT
823830,Miami Marlins,Washington Nationals,0.5385996409335727,0.4614003590664273,0.07719928186714542,2.497457352797439,2.0479123962300427,BACKTEST_INIT
823831,Miami Marlins,Washington Nationals,0.5386243386243387,0.46137566137566133,0.07724867724867734,2.8163220711725394,2.1873619108952345,BACKTEST_INIT
823832,Miami Marlins,Pittsburgh Pirates,0.6666666666666666,0.33333333333333337,0.33333333333333326,9.94459874170587,3.016149012838815,BACKTEST_INIT
823833,Miami Marlins,Pittsburgh Pirates,0.49645390070921985,0.5035460992907801,0.007092198581560238,1.1995171210396491,2.2765338984206087,BACKTEST_INIT
823834,Miami Marlins,Los Angeles Angels,0.4988066825775656,0.5011933174224343,0.002386634844868729,3.470794707437067,3.3467606229089117,BACKTEST_INIT
823835,Miami Marlins,Los Angeles Angels,0.5555555555555556,0.4444444444444444,0.11111111111111116,6.674215851484929,2.5906849516685666,BACKTEST_INIT
823836,Miami Marlins,Los Angeles Angels,0.5469255663430421,0.4530744336569579,0.09385113268608425,4.420414175163315,3.556992639646081,BACKTEST_INIT
823837,Miami Marlins,Philadelphia Phillies,0.5448717948717948,0.4551282051282052,0.08974358974358965,1.8179876476071826,1.4915097335697935,BACKTEST_INIT
823838,Miami Marlins,Philadelphia Phillies,0.512241054613936,0.487758945386064,0.024482109227871973,6.930922254664434,6.546703610885201,BACKTEST_INIT
823839,Miami Marlins,Philadelphia Phillies,0.4975369458128079,0.5024630541871922,0.004926108374384286,3.3093930408390224,6.577053603424352,BACKTEST_INIT
823840,Miami Marlins,San Diego Padres,0.4962962962962963,0.5037037037037038,0.007407407407407474,2.3262370845205202,6.2375518273917985,BACKTEST_INIT
823841,Miami Marlins,San Diego Padres,0.4962962962962963,0.5037037037037038,0.007407407407407474,2.3912969049425383,4.864617154022924,BACKTEST_INIT
823842,Miami Marlins,Cleveland Guardians,0.4879518072289157,0.5120481927710843,0.024096385542168586,2.2912493456952383,3.704768241806063,BACKTEST_INIT
823843,Miami Marlins,San Diego Padres,0.4962962962962963,0.5037037037037038,0.007407407407407474,2.464469389910073,5.5820909694825716,BACKTEST_INIT
823844,Miami Marlins,Cleveland Guardians,0.4909090909090909,0.509090909090909,0.018181818181818132,3.191139922102192,3.94925255111736,BACKTEST_INIT
823845,Miami Marlins,Cleveland Guardians,0.5573770491803278,0.4426229508196722,0.11475409836065564,5.557048076579006,4.090057475585921,BACKTEST_INIT
823846,Miami Marlins,Seattle Mariners,0.5578512396694215,0.4421487603305785,0.11570247933884303,2.8061559719299547,1.403996359570389,BACKTEST_INIT
823847,Miami Marlins,Seattle Mariners,0.4840764331210191,0.5159235668789809,0.031847133757961776,3.1053819585592084,6.850437586862919,BACKTEST_INIT
823848,Miami Marlins,Seattle Mariners,0.4873417721518987,0.5126582278481013,0.02531645569620261,5.058348077675064,5.784179500324457,BACKTEST_INIT
823849,Miami Marlins,Texas Rangers,0.5093167701863354,0.49068322981366463,0.01863354037267073,3.7898774808416777,4.303219070287914,BACKTEST_INIT
823850,Miami Marlins,Texas Rangers,0.5614035087719298,0.4385964912280702,0.12280701754385959,5.07612288506701,4.250121218355301,BACKTEST_INIT
823851,Miami Marlins,Texas Rangers,0.5614035087719298,0.4385964912280702,0.12280701754385959,6.0787298346270795,4.58029840682838,BACKTEST_INIT
823852,Miami Marlins,San Francisco Giants,0.5614035087719298,0.4385964912280702,0.12280701754385959,5.33347746774757,2.825753758022155,BACKTEST_INIT
823853,Miami Marlins,San Francisco Giants,0.5644444444444444,0.4355555555555556,0.12888888888888883,4.816406401214628,2.406909230606598,BACKTEST_INIT
823854,Miami Marlins,San Francisco Giants,0.5663716814159292,0.4336283185840708,0.1327433628318584,4.835966742374921,2.76164305926737,BACKTEST_INIT
823855,Miami Marlins,Arizona Diamondbacks,0.6666666666666666,0.33333333333333337,0.33333333333333326,7.990974561372649,1.511790829344899,BACKTEST_INIT
823856,Miami Marlins,Arizona Diamondbacks,0.5639810426540284,0.4360189573459716,0.12796208530805675,9.754635544031348,4.892569089295641,BACKTEST_INIT
823857,Miami Marlins,Tampa Bay Rays,0.4990328820116054,0.5009671179883946,0.001934235976789156,2.6486084070057823,3.660133799869252,BACKTEST_INIT
823858,Miami Marlins,Arizona Diamondbacks,0.49586776859504134,0.5041322314049587,0.008264462809917328,2.3107605816351175,3.3244792248587456,BACKTEST_INIT
823859,Miami Marlins,Tampa Bay Rays,0.4956521739130436,0.5043478260869564,0.008695652173912771,2.0369921357911625,5.188836139757191,BACKTEST_INIT
823860,Miami Marlins,Tampa Bay Rays,0.5700483091787439,0.42995169082125606,0.14009661835748788,4.817310180310406,2.6279301025545996,BACKTEST_INIT
823861,Miami Marlins,New York Mets,0.5706806282722513,0.4293193717277487,0.1413612565445026,3.038437843676206,2.3192991620199077,BACKTEST_INIT
823862,Miami Marlins,New York Mets,0.4967532467532468,0.5032467532467533,0.006493506493506496,2.1310722727917213,2.3033404674171716,BACKTEST_INIT
823863,Miami Marlins,New York Mets,0.4983277591973244,0.5016722408026756,0.0033444816053511683,2.1632791952506727,4.983832972790241,BACKTEST_INIT
823864,Miami Marlins,Atlanta Braves,0.3333333333333333,0.6666666666666667,0.3333333333333334,2.3520040290989606,8.718334359442808,BACKTEST_INIT
823865,Miami Marlins,Atlanta Braves,0.6666666666666666,0.33333333333333337,0.33333333333333326,9.044339187901564,1.2607084183561161,BACKTEST_INIT
823866,Miami Marlins,Atlanta Braves,0.39923747276688465,0.6007625272331154,0.20152505446623076,3.47596156639859,8.481777986290425,BACKTEST_INIT
823867,Miami Marlins,Atlanta Braves,0.3333333333333333,0.6666666666666667,0.3333333333333334,1.7728361495915348,9.46093988801878,BACKTEST_INIT
823868,Miami Marlins,Washington Nationals,0.564245810055866,0.43575418994413395,0.1284916201117321,8.901255459446078,6.6407796061687865,BACKTEST_INIT
823869,Miami Marlins,Washington Nationals,0.5027027027027027,0.4972972972972973,0.00540540540540535,2.5661728354905033,3.8679551056918946,BACKTEST_INIT
823870,Miami Marlins,Baltimore Orioles,0.5055555555555554,0.4944444444444446,0.01111111111111085,4.63113508309555,7.570761914554385,BACKTEST_INIT
823871,Miami Marlins,Washington Nationals,0.5082872928176796,0.4917127071823204,0.016574585635359185,2.7983746643167633,4.774103245411526,BACKTEST_INIT
823872,Miami Marlins,Baltimore Orioles,0.5027932960893855,0.4972067039106145,0.005586592178770999,5.1567424692806165,8.337657290352935,BACKTEST_INIT
823873,Miami Marlins,Baltimore Orioles,0.5636363636363636,0.4363636363636364,0.1272727272727272,3.6745558738946213,2.4197634605588787,BACKTEST_INIT
823874,Miami Marlins,Philadelphia Phillies,0.49206349206349204,0.5079365079365079,0.015873015873015872,3.0809315857962694,6.3809233556334375,BACKTEST_INIT
823875,Miami Marlins,Philadelphia Phillies,0.5572519083969466,0.4427480916030534,0.11450381679389321,4.030984423187752,1.7939806060167385,BACKTEST_INIT
823876,Miami Marlins,Philadelphia Phillies,0.49999999999999994,0.5,5.551115123125783e-17,4.23535391274172,5.146199969428491,BACKTEST_INIT
823877,Miami Marlins,Philadelphia Phillies,0.5383040355125095,0.4616959644874905,0.07660807102501899,3.433665781707051,3.5861481032225093,BACKTEST_INIT
823878,Miami Marlins,St. Louis Cardinals,0.47560975609756095,0.524390243902439,0.04878048780487809,3.966623004787314,4.275229522888031,BACKTEST_INIT
823879,Miami Marlins,St. Louis Cardinals,0.4927536231884058,0.5072463768115942,0.014492753623188415,6.4567784228737,6.666732341040376,BACKTEST_INIT
823880,Miami Marlins,St. Louis Cardinals,0.5857142857142857,0.41428571428571426,0.17142857142857149,5.682912588434811,3.8179971062645035,BACKTEST_INIT
823881,Miami Marlins,Milwaukee Brewers,0.46938775510204084,0.5306122448979591,0.06122448979591827,3.0173027326240485,5.543431159319594,BACKTEST_INIT
823882,Miami Marlins,Milwaukee Brewers,0.4772727272727273,0.5227272727272727,0.045454545454545414,3.7417374296593557,6.029129044681108,BACKTEST_INIT
823883,Miami Marlins,Milwaukee Brewers,0.5989010989010988,0.40109890109890123,0.19780219780219754,2.9856384041534882,2.7483199713644137,BACKTEST_INIT
823884,Miami Marlins,Cincinnati Reds,0.5968992248062015,0.4031007751937985,0.193798449612403,6.7022096315582855,4.637353826745644,BACKTEST_INIT
823885,Miami Marlins,Cincinnati Reds,0.4523809523809524,0.5476190476190477,0.09523809523809529,2.5213040974967833,4.68534104616907,BACKTEST_INIT
823886,Miami Marlins,Cincinnati Reds,0.6057692307692307,0.3942307692307693,0.21153846153846145,4.590066030696933,3.489507348167031,BACKTEST_INIT
823887,Miami Marlins,Cincinnati Reds,0.42857142857142855,0.5714285714285714,0.14285714285714285,2.490699444202729,2.865434810482938,BACKTEST_INIT
823888,Miami Marlins,Chicago White Sox,0.5,0.5,0.0,4.617648433552903,8.095180813630634,BACKTEST_INIT
823889,Miami Marlins,Chicago White Sox,0.6666666666666666,0.33333333333333337,0.33333333333333326,7.783874655603164,1.6984873724596543,BACKTEST_INIT
823890,Miami Marlins,Chicago White Sox,0.64324,0.35676,0.28648,5.088780670939721,4.038935167804591,BACKTEST_INIT
823891,Miami Marlins,Colorado Rockies,0.64698,0.35302,0.29396,3.3471367225441675,2.4659538704275383,BACKTEST_INIT
823892,Miami Marlins,Colorado Rockies,0.62726,0.37274,0.25452,3.0944663314282197,2.3390226705565675,BACKTEST_INIT
823893,Miami Marlins,Colorado Rockies,0.56142,0.43858,0.12284,4.89458112552745,4.448689739530777,BACKTEST_INIT
823902,Los Angeles Dodgers,Cincinnati Reds,0.5208333333333334,0.47916666666666663,0.04166666666666674,5.736979520382869,6.447794152467914,BACKTEST_INIT
823903,Los Angeles Dodgers,Washington Nationals,0.5520822681559087,0.44791773184409134,0.10416453631181732,5.591517747471864,3.738327652020557,BACKTEST_INIT
823904,Los Angeles Dodgers,Washington Nationals,0.5555555555555556,0.4444444444444444,0.11111111111111116,5.144713881722445,2.097278683731215,BACKTEST_INIT
823905,Los Angeles Dodgers,Washington Nationals,0.5555555555555556,0.4444444444444444,0.11111111111111116,5.23003834821929,1.7242808216973422,BACKTEST_INIT
823906,Los Angeles Dodgers,St. Louis Cardinals,0.4908256880733945,0.5091743119266054,0.018348623853210955,7.390418798689836,8.689829167692073,BACKTEST_INIT
823907,Los Angeles Dodgers,St. Louis Cardinals,0.4909090909090909,0.509090909090909,0.018181818181818132,6.309139504422139,8.046447276487577,BACKTEST_INIT
823908,Los Angeles Dodgers,St. Louis Cardinals,0.5555555555555556,0.4444444444444444,0.11111111111111116,5.042959802827538,2.9756388411286805,BACKTEST_INIT
823909,Los Angeles Dodgers,Pittsburgh Pirates,0.5402298850574713,0.45977011494252873,0.08045977011494254,4.048214238020367,3.8121993987494758,BACKTEST_INIT
823910,Los Angeles Dodgers,Pittsburgh Pirates,0.5114503816793893,0.4885496183206107,0.022900763358778553,4.031409696415948,4.412511131350744,BACKTEST_INIT
823911,Los Angeles Dodgers,Pittsburgh Pirates,0.49038461538461536,0.5096153846153846,0.019230769230769218,3.0625427165722785,4.654923551961334,BACKTEST_INIT
823912,Los Angeles Dodgers,Milwaukee Brewers,0.495,0.505,0.010000000000000009,2.4008801176831436,2.9893622547943393,BACKTEST_INIT
823913,Los Angeles Dodgers,Milwaukee Brewers,0.494949494949495,0.505050505050505,0.01010101010101,3.5931659010721884,4.72164885941294,BACKTEST_INIT
823914,Los Angeles Dodgers,Milwaukee Brewers,0.5408653846153846,0.4591346153846154,0.08173076923076916,3.119814285783403,2.0271943239308547,BACKTEST_INIT
823915,Los Angeles Dodgers,Milwaukee Brewers,0.494949494949495,0.505050505050505,0.01010101010101,3.092653201999169,4.142419428503689,BACKTEST_INIT
823916,Los Angeles Dodgers,Kansas City Royals,0.5429447852760736,0.4570552147239264,0.08588957055214719,5.529853873874384,4.274504300434894,BACKTEST_INIT
823917,Los Angeles Dodgers,Kansas City Royals,0.5448916408668731,0.45510835913312686,0.08978328173374628,6.21661332494682,4.426009435206758,BACKTEST_INIT
823918,Los Angeles Dodgers,Kansas City Royals,0.5555555555555556,0.4444444444444444,0.11111111111111116,5.790309678780266,3.542371564527362,BACKTEST_INIT
823919,Los Angeles Dodgers,Boston Red Sox,0.5263157894736842,0.4736842105263158,0.05263157894736836,2.7225864916306026,2.2984758999473804,BACKTEST_INIT
823920,Los Angeles Dodgers,Boston Red Sox,0.3333333333333333,0.6666666666666667,0.3333333333333334,3.2514317162835047,8.947905795731216,BACKTEST_INIT
823921,Los Angeles Dodgers,Seattle Mariners,0.5438885858507146,0.45611141414928535,0.08777717170142929,5.068277205878997,3.245019422944753,BACKTEST_INIT
823922,Los Angeles Dodgers,Boston Red Sox,0.5,0.5,0.0,2.963236117699995,3.1522967990403403,BACKTEST_INIT
823923,Los Angeles Dodgers,Seattle Mariners,0.5555555555555556,0.4444444444444444,0.11111111111111116,8.368561650173945,4.977984256234882,BACKTEST_INIT
823924,Los Angeles Dodgers,Seattle Mariners,0.5100917431192661,0.4899082568807339,0.020183486238532167,6.553180410562545,6.080403731177647,BACKTEST_INIT
823925,Los Angeles Dodgers,Arizona Diamondbacks,0.3333333333333333,0.6666666666666667,0.3333333333333334,2.03632609828209,8.424260610388966,BACKTEST_INIT
823926,Los Angeles Dodgers,Arizona Diamondbacks,0.3333333333333333,0.6666666666666667,0.3333333333333334,2.1707420847466965,8.831152397870753,BACKTEST_INIT
823927,Los Angeles Dodgers,Arizona Diamondbacks,0.4878048780487805,0.5121951219512195,0.024390243902439046,1.8253190491609885,2.880927286911853,BACKTEST_INIT
823928,Los Angeles Dodgers,Colorado Rockies,0.4873417721518987,0.5126582278481013,0.02531645569620261,2.6593720119667688,5.043413947906394,BACKTEST_INIT
823929,Los Angeles Dodgers,Colorado Rockies,0.5625,0.4375,0.125,8.092903684504604,6.0531165538131315,BACKTEST_INIT
823930,Los Angeles Dodgers,Colorado Rockies,0.4840764331210191,0.5159235668789809,0.031847133757961776,3.447730339913183,5.557703096327086,BACKTEST_INIT
823931,Los Angeles Dodgers,San Diego Padres,0.5630252100840336,0.4369747899159664,0.12605042016806722,2.8299401344258386,1.7469300372116225,BACKTEST_INIT
823932,Los Angeles Dodgers,San Diego Padres,0.4934210526315789,0.506578947368421,0.01315789473684209,2.7259947471535124,3.965654434813744,BACKTEST_INIT
823933,Los Angeles Dodgers,San Diego Padres,0.5659574468085107,0.4340425531914893,0.13191489361702136,9.903258191669469,6.216985233157537,BACKTEST_INIT
823934,Los Angeles Dodgers,Baltimore Orioles,0.5093167701863354,0.49068322981366463,0.01863354037267073,2.819128611922895,3.140691660385425,BACKTEST_INIT
823935,Los Angeles Dodgers,San Diego Padres,0.4900662251655629,0.509933774834437,0.019867549668874107,3.6096353121202647,5.55180367291964,BACKTEST_INIT
823936,Los Angeles Dodgers,Baltimore Orioles,0.6193059766862072,0.38069402331379276,0.23861195337241448,5.314373613671569,1.4327325069326373,BACKTEST_INIT
823937,Los Angeles Dodgers,Baltimore Orioles,0.5663716814159292,0.4336283185840708,0.1327433628318584,5.709206133572811,3.273740339376543,BACKTEST_INIT
823938,Los Angeles Dodgers,Tampa Bay Rays,0.510593220338983,0.489406779661017,0.021186440677966045,7.163275391084669,7.595102306366451,BACKTEST_INIT
823939,Los Angeles Dodgers,Tampa Bay Rays,0.5714285714285714,0.4285714285714286,0.1428571428571428,4.69379845222735,3.3232574858910446,BACKTEST_INIT
823940,Los Angeles Dodgers,Tampa Bay Rays,0.5698924731182796,0.4301075268817204,0.13978494623655924,2.1447850180244723,1.6024685941632524,BACKTEST_INIT
823941,Los Angeles Dodgers,Los Angeles Angels,0.6666666666666666,0.33333333333333337,0.33333333333333326,10.362732360497073,2.3978068634977157,BACKTEST_INIT
823942,Los Angeles Dodgers,Los Angeles Angels,0.49746192893401014,0.5025380710659899,0.005076142131979766,2.283036506822252,2.4226218366679206,BACKTEST_INIT
823943,Los Angeles Dodgers,Los Angeles Angels,0.5700483091787439,0.42995169082125606,0.14009661835748788,4.206165645836593,3.2487112271778833,BACKTEST_INIT
823944,Los Angeles Dodgers,Philadelphia Phillies,0.49230769230769234,0.5076923076923077,0.01538461538461533,2.6643898173359375,2.809032771449779,BACKTEST_INIT
823945,Los Angeles Dodgers,Philadelphia Phillies,0.5412371134020618,0.4587628865979382,0.08247422680412364,2.4898470516595506,2.03921356439194,BACKTEST_INIT
823946,Los Angeles Dodgers,Philadelphia Phillies,0.4795539033457249,0.5204460966542751,0.040892193308550207,1.4747597968458446,2.0601971897072886,BACKTEST_INIT
823947,Los Angeles Dodgers,Colorado Rockies,0.6666666666666666,0.33333333333333337,0.33333333333333326,11.700037511631677,4.774489764866049,BACKTEST_INIT
823948,Los Angeles Dodgers,Colorado Rockies,0.6666666666666666,0.33333333333333337,0.33333333333333326,6.6049947847275785,1.5320333376120103,BACKTEST_INIT
823949,Los Angeles Dodgers,Colorado Rockies,0.5751295336787565,0.4248704663212435,0.15025906735751304,5.519842922445504,1.9202501165858272,BACKTEST_INIT
823950,Los Angeles Dodgers,San Francisco Giants,0.572972972972973,0.427027027027027,0.145945945945946,3.347722313604007,1.1366082756394154,BACKTEST_INIT
823951,Los Angeles Dodgers,San Francisco Giants,0.5022131116061141,0.49778688839388585,0.004426223212228297,3.969582008017933,8.339895391280248,BACKTEST_INIT
823952,Los Angeles Dodgers,San Francisco Giants,0.504186722823907,0.495813277176093,0.008373445647813949,3.0161933992615464,6.658711680586253,BACKTEST_INIT
823953,Los Angeles Dodgers,San Francisco Giants,0.565934065934066,0.43406593406593397,0.13186813186813207,5.7848661464861735,5.047658116018161,BACKTEST_INIT
823954,Los Angeles Dodgers,Atlanta Braves,0.5080213903743316,0.4919786096256684,0.016042780748663166,2.891784605161836,5.916880671984678,BACKTEST_INIT
823955,Los Angeles Dodgers,Atlanta Braves,0.564245810055866,0.43575418994413395,0.1284916201117321,3.6915659309390145,2.3479619048831903,BACKTEST_INIT
823956,Los Angeles Dodgers,Miami Marlins,0.5621301775147929,0.4378698224852071,0.12426035502958577,5.651591020338955,2.372283211300868,BACKTEST_INIT
823957,Los Angeles Dodgers,Atlanta Braves,0.564245810055866,0.43575418994413395,0.1284916201117321,6.646355754348244,2.5257160104605463,BACKTEST_INIT
823958,Los Angeles Dodgers,Miami Marlins,0.5,0.5,0.0,1.9034939903911285,2.290393216973702,BACKTEST_INIT
823959,Los Angeles Dodgers,Chicago Cubs,0.5606694560669456,0.4393305439330544,0.12133891213389125,9.882760919113624,4.521066532907281,BACKTEST_INIT
823960,Los Angeles Dodgers,Chicago Cubs,0.5050505050505051,0.4949494949494949,0.010101010101010166,4.916200362867767,5.246413212743879,BACKTEST_INIT
823961,Los Angeles Dodgers,Miami Marlins,0.6666666666666666,0.33333333333333337,0.33333333333333326,6.419346085348022,1.3687783972036778,BACKTEST_INIT
823962,Los Angeles Dodgers,Chicago Cubs,0.5714285714285714,0.4285714285714286,0.1428571428571428,6.4808861523050805,3.9729716848429444,BACKTEST_INIT
823963,Los Angeles Dodgers,New York Mets,0.5903614457831327,0.40963855421686735,0.1807228915662653,2.626553259695683,1.9117487938425377,BACKTEST_INIT
823964,Los Angeles Dodgers,New York Mets,0.4473684210526316,0.5526315789473684,0.10526315789473678,2.1644616437162982,3.895318200207746,BACKTEST_INIT
823965,Los Angeles Dodgers,New York Mets,0.6025641025641025,0.39743589743589747,0.20512820512820507,2.876498268704433,1.9827497701471697,BACKTEST_INIT
823966,Los Angeles Dodgers,Texas Rangers,0.5972222222222222,0.4027777777777778,0.19444444444444442,6.5463057640902225,3.9470035074985885,BACKTEST_INIT
823967,Los Angeles Dodgers,Texas Rangers,0.5955882352941176,0.40441176470588236,0.19117647058823528,8.112768028937172,5.655087525911906,BACKTEST_INIT
823968,Los Angeles Dodgers,Texas Rangers,0.43137254901960786,0.5686274509803921,0.13725490196078427,2.317854439314665,2.701553399117928,BACKTEST_INIT
823969,Los Angeles Dodgers,Cleveland Guardians,0.6363636363636364,0.36363636363636365,0.2727272727272727,2.768734260021624,2.6729937381790947,BACKTEST_INIT
823970,Los Angeles Dodgers,Cleveland Guardians,0.6153846153846154,0.3846153846153846,0.23076923076923084,3.3228872765390944,2.186866589090936,BACKTEST_INIT
823971,Los Angeles Dodgers,Arizona Diamondbacks,0.8888,0.1112,0.7776000000000001,7.344863365470282,3.035044299217607,BACKTEST_INIT
823972,Los Angeles Dodgers,Cleveland Guardians,0.8941,0.1059,0.7882,5.7816960795641865,2.0162873541131496,BACKTEST_INIT
823973,Los Angeles Dodgers,Arizona Diamondbacks,0.76152,0.23848,0.52304,5.793795266106578,3.40404870708392,BACKTEST_INIT
823974,Los Angeles Dodgers,Arizona Diamondbacks,0.58572,0.41428,0.17144000000000004,4.660477308837438,3.973932182516542,BACKTEST_INIT
823982,Los Angeles Angels,New York Yankees,0.4908256880733945,0.5091743119266054,0.018348623853210955,4.049613156476649,6.3473439714207025,BACKTEST_INIT
823983,Los Angeles Angels,New York Yankees,0.4908256880733945,0.5091743119266054,0.018348623853210955,3.8778751307761654,6.416968699947796,BACKTEST_INIT
823984,Los Angeles Angels,New York Yankees,0.6666666666666666,0.33333333333333337,0.33333333333333326,7.342492791388151,1.9437369009223764,BACKTEST_INIT
823985,Los Angeles Angels,Philadelphia Phillies,0.5161290322580645,0.4838709677419355,0.032258064516129004,3.541257683130877,4.021826743967009,BACKTEST_INIT
823986,Los Angeles Angels,Philadelphia Phillies,0.48847926267281105,0.511520737327189,0.02304147465437789,3.374198618366433,4.392561271052282,BACKTEST_INIT
823987,Los Angeles Angels,Philadelphia Phillies,0.48847926267281105,0.511520737327189,0.02304147465437789,2.8854928186561484,4.321666333625831,BACKTEST_INIT
823988,Los Angeles Angels,Cleveland Guardians,0.49528301886792453,0.5047169811320755,0.009433962264150997,4.754985693764996,7.963814718225242,BACKTEST_INIT
823989,Los Angeles Angels,Cleveland Guardians,0.49047619047619045,0.5095238095238095,0.019047619047619035,2.428821854881308,3.7370014963628706,BACKTEST_INIT
823990,Los Angeles Angels,Kansas City Royals,0.4964705882352941,0.5035294117647059,0.007058823529411784,5.233889543638225,5.993531408760379,BACKTEST_INIT
823991,Los Angeles Angels,Kansas City Royals,0.5398550724637681,0.46014492753623193,0.07971014492753614,2.269431052162086,1.5942384948716954,BACKTEST_INIT
823992,Los Angeles Angels,Cleveland Guardians,0.4880382775119617,0.5119617224880383,0.02392344497607657,2.777426121004621,4.055336755539076,BACKTEST_INIT
823993,Los Angeles Angels,Kansas City Royals,0.5555555555555556,0.4444444444444444,0.11111111111111116,5.135652493535762,2.8404284722865114,BACKTEST_INIT
823994,Los Angeles Angels,Texas Rangers,0.49645390070921985,0.5035460992907801,0.007092198581560238,2.698998998830448,2.9042492341936157,BACKTEST_INIT
823995,Los Angeles Angels,Texas Rangers,0.5445665445665445,0.4554334554334555,0.08913308913308904,3.7633628346835355,2.7112527406920406,BACKTEST_INIT
823996,Los Angeles Angels,Milwaukee Brewers,0.49756097560975604,0.5024390243902439,0.004878048780487865,2.5301764798518613,4.056594747443469,BACKTEST_INIT
823997,Los Angeles Angels,Texas Rangers,0.4976303317535545,0.5023696682464456,0.0047393364928911,2.7669588629288393,4.480531151331014,BACKTEST_INIT
823998,Los Angeles Angels,Texas Rangers,0.4976303317535545,0.5023696682464456,0.0047393364928911,3.1363773134743718,4.834513583440294,BACKTEST_INIT
823999,Los Angeles Angels,Milwaukee Brewers,0.5,0.5,0.0,3.270274144001819,3.6886821996068955,BACKTEST_INIT
824000,Los Angeles Angels,Milwaukee Brewers,0.5,0.5,0.0,2.722371961902285,4.8791587178880995,BACKTEST_INIT
824001,Los Angeles Angels,Houston Astros,0.5451612903225806,0.45483870967741935,0.0903225806451613,3.941452162741468,3.2725894359893104,BACKTEST_INIT
824002,Los Angeles Angels,Houston Astros,0.4975369458128079,0.5024630541871922,0.004926108374384286,2.9219528718345744,3.7841514788387243,BACKTEST_INIT
824003,Los Angeles Angels,Houston Astros,0.4975369458128079,0.5024630541871922,0.004926108374384286,4.1200589253722555,5.079513764371431,BACKTEST_INIT
824004,Los Angeles Angels,St. Louis Cardinals,0.5555555555555556,0.4444444444444444,0.11111111111111116,3.9767636279411978,2.1027023830903735,BACKTEST_INIT
824005,Los Angeles Angels,St. Louis Cardinals,0.5513698630136986,0.4486301369863014,0.10273972602739723,3.3522115784208495,2.8134728207588298,BACKTEST_INIT
824006,Los Angeles Angels,St. Louis Cardinals,0.49617151607963245,0.5038284839203675,0.007656967840735052,3.452243863406065,6.332815868894819,BACKTEST_INIT
824007,Los Angeles Angels,Detroit Tigers,0.3333333333333333,0.6666666666666667,0.3333333333333334,1.550888088207651,5.797420819831231,BACKTEST_INIT
824008,Los Angeles Angels,Detroit Tigers,0.4908256880733946,0.5091743119266054,0.018348623853210844,2.312537758088229,2.625322232014106,BACKTEST_INIT
824009,Los Angeles Angels,Detroit Tigers,0.5546218487394958,0.4453781512605042,0.10924369747899165,3.7583272410908592,2.825591530299312,BACKTEST_INIT
824010,Los Angeles Angels,Boston Red Sox,0.3333333333333333,0.6666666666666667,0.3333333333333334,2.589358895810374,7.909150023036133,BACKTEST_INIT
824011,Los Angeles Angels,Athletics,0.5627705627705628,0.4372294372294372,0.12554112554112562,3.647641375292899,2.148885602529311,BACKTEST_INIT
824012,Los Angeles Angels,Boston Red Sox,0.49878934624697335,0.5012106537530266,0.002421307506053294,2.7505006556391,3.368966574159844,BACKTEST_INIT
824013,Los Angeles Angels,Boston Red Sox,0.5659574468085107,0.4340425531914893,0.13191489361702136,2.7994928874238623,1.5296992512307601,BACKTEST_INIT
824014,Los Angeles Angels,Athletics,0.5633187772925764,0.4366812227074236,0.1266375545851528,9.06988913827428,5.9174520272149564,BACKTEST_INIT
824015,Los Angeles Angels,Athletics,0.3333333333333333,0.6666666666666667,0.3333333333333334,2.2693495617239217,7.404764170948955,BACKTEST_INIT
824016,Los Angeles Angels,Baltimore Orioles,0.5037037037037037,0.49629629629629635,0.007407407407407307,4.170188313223727,7.371910102602754,BACKTEST_INIT
824017,Los Angeles Angels,Baltimore Orioles,0.5,0.5,0.0,2.3793604549988454,6.543001339730859,BACKTEST_INIT
824018,Los Angeles Angels,Baltimore Orioles,0.5614035087719298,0.4385964912280702,0.12280701754385959,3.7441731832426157,1.704125707410327,BACKTEST_INIT
824019,Los Angeles Angels,Tampa Bay Rays,0.535,0.46499999999999997,0.07000000000000006,4.031634561940876,3.562002790023285,BACKTEST_INIT
824020,Los Angeles Angels,Tampa Bay Rays,0.5027223230490018,0.4972776769509982,0.005444646098003547,3.8930567002104586,3.675030917530547,BACKTEST_INIT
824021,Los Angeles Angels,Tampa Bay Rays,0.6666666666666666,0.33333333333333337,0.33333333333333326,6.702063794004546,1.5446856391751804,BACKTEST_INIT
824022,Los Angeles Angels,Houston Astros,0.6666666666666666,0.33333333333333337,0.33333333333333326,8.260468098371854,2.330121093971437,BACKTEST_INIT
824023,Los Angeles Angels,Houston Astros,0.5639810426540284,0.4360189573459716,0.12796208530805675,4.441166190683562,3.560058517746514,BACKTEST_INIT
824024,Los Angeles Angels,Colorado Rockies,0.3333333333333333,0.6666666666666667,0.3333333333333334,2.7248314170173433,8.387732687643439,BACKTEST_INIT
824025,Los Angeles Angels,Houston Astros,0.5639810426540284,0.4360189573459716,0.12796208530805675,4.722854422488144,1.9957791740588837,BACKTEST_INIT
824026,Los Angeles Angels,Colorado Rockies,0.4909090909090909,0.509090909090909,0.018181818181818132,6.234456123935374,8.738439204010099,BACKTEST_INIT
824027,Los Angeles Angels,Colorado Rockies,0.4909090909090909,0.509090909090909,0.018181818181818132,4.214738780243164,5.222470060839413,BACKTEST_INIT
824028,Los Angeles Angels,Texas Rangers,0.5706806282722513,0.4293193717277487,0.1413612565445026,5.667001774519984,3.1190200820917218,BACKTEST_INIT
824029,Los Angeles Angels,Texas Rangers,0.4983277591973244,0.5016722408026756,0.0033444816053511683,1.6264905322691081,2.197792500641903,BACKTEST_INIT
824030,Los Angeles Angels,Texas Rangers,0.5706806282722513,0.4293193717277487,0.1413612565445026,8.126649664191447,4.733501915516112,BACKTEST_INIT
824031,Los Angeles Angels,Athletics,0.5035460992907801,0.4964539007092199,0.007092198581560183,4.92276566298745,6.380455099631829,BACKTEST_INIT
824032,Los Angeles Angels,Athletics,0.5076383227876765,0.4923616772123235,0.01527664557535302,4.890281779659075,9.134785147004111,BACKTEST_INIT
824033,Los Angeles Angels,Athletics,0.5416666666666665,0.4583333333333335,0.08333333333333304,2.9728517957380927,2.7498627922501475,BACKTEST_INIT
824034,Los Angeles Angels,Los Angeles Dodgers,0.3333333333333333,0.6666666666666667,0.3333333333333334,1.706451813919875,9.875382246626074,BACKTEST_INIT
824035,Los Angeles Angels,Athletics,0.5721925133689839,0.4278074866310161,0.14438502673796783,5.240227989208761,4.144404665434447,BACKTEST_INIT
824036,Los Angeles Angels,Chicago White Sox,0.5027932960893855,0.4972067039106145,0.005586592178770999,2.3888719256242297,3.8772201340977253,BACKTEST_INIT
824037,Los Angeles Angels,Los Angeles Dodgers,0.5129533678756478,0.4870466321243522,0.02590673575129565,2.0206416901351005,3.46379748966472,BACKTEST_INIT
824038,Los Angeles Angels,Los Angeles Dodgers,0.5,0.5,0.0,1.6738769415393937,5.032554136080038,BACKTEST_INIT
824039,Los Angeles Angels,Chicago White Sox,0.49206349206349204,0.5079365079365079,0.015873015873015872,2.2458748635286994,4.368009514098006,BACKTEST_INIT
824040,Los Angeles Angels,Chicago White Sox,0.3333333333333333,0.6666666666666667,0.3333333333333334,1.4992428977170111,5.200451763191661,BACKTEST_INIT
824041,Los Angeles Angels,New York Mets,0.5559322033898305,0.4440677966101695,0.11186440677966103,4.476134073550451,3.563610120034058,BACKTEST_INIT
824042,Los Angeles Angels,New York Mets,0.5434782608695652,0.4565217391304348,0.08695652173913038,3.8815637231731843,3.703415857056412,BACKTEST_INIT
824043,Los Angeles Angels,New York Mets,0.5572519083969466,0.4427480916030534,0.11450381679389321,3.895261791661732,3.4661371114542465,BACKTEST_INIT
824044,Los Angeles Angels,Toronto Blue Jays,0.47058823529411764,0.5294117647058824,0.05882352941176472,2.4603399982441894,4.019868768990666,BACKTEST_INIT
824045,Los Angeles Angels,Toronto Blue Jays,0.46938775510204084,0.5306122448979591,0.06122448979591827,2.583152114777799,3.9963247903638104,BACKTEST_INIT
824046,Los Angeles Angels,Toronto Blue Jays,0.46938775510204084,0.5306122448979591,0.06122448979591827,2.8348525183399325,3.644155541269335,BACKTEST_INIT
824047,Los Angeles Angels,San Diego Padres,0.46938775510204084,0.5306122448979591,0.06122448979591827,2.1037510250143887,2.7239732565346295,BACKTEST_INIT
824048,Los Angeles Angels,San Diego Padres,0.4883720930232558,0.5116279069767442,0.023255813953488413,3.8079764325190357,5.095955277404066,BACKTEST_INIT
824049,Los Angeles Angels,San Diego Padres,0.610632706690924,0.38936729330907605,0.2212654133818479,5.91062546513842,1.8779715996676116,BACKTEST_INIT
824050,Los Angeles Angels,Atlanta Braves,0.4523809523809524,0.5476190476190477,0.09523809523809529,3.210007234042548,6.221220954497085,BACKTEST_INIT
824051,Los Angeles Angels,Atlanta Braves,0.5945945945945946,0.4054054054054054,0.18918918918918926,5.777683272984779,3.0551174013329656,BACKTEST_INIT
824052,Los Angeles Angels,Atlanta Braves,0.6057692307692307,0.3942307692307693,0.21153846153846145,5.869028048517305,4.612800523580541,BACKTEST_INIT
824053,Los Angeles Angels,Seattle Mariners,0.6063829787234043,0.3936170212765957,0.2127659574468086,1.924463710474402,1.5251001200735468,BACKTEST_INIT
824054,Los Angeles Angels,Seattle Mariners,0.5,0.5,0.0,2.4758999025332242,4.259208175773066,BACKTEST_INIT
824056,Los Angeles Angels,Seattle Mariners,0.5,0.5,0.0,3.432324057958773,5.615891713551153,BACKTEST_INIT
824062,Kansas City Royals,Arizona Diamondbacks,0.5384615384615384,0.46153846153846156,0.07692307692307687,3.3155226211751523,1.9902008685721895,BACKTEST_INIT
824065,Kansas City Royals,Toronto Blue Jays,0.48214285714285715,0.5178571428571428,0.03571428571428564,2.779320062772766,4.0357433458517855,BACKTEST_INIT
824066,Kansas City Royals,Toronto Blue Jays,0.3333333333333333,0.6666666666666667,0.3333333333333334,2.696597741215799,8.324364417770195,BACKTEST_INIT
824067,Kansas City Royals,Toronto Blue Jays,0.48868778280542985,0.5113122171945701,0.022624434389140247,3.0954158692951705,5.201975098404937,BACKTEST_INIT
824068,Kansas City Royals,Miami Marlins,0.4908256880733945,0.5091743119266054,0.018348623853210955,3.457326748193778,7.183443523840966,BACKTEST_INIT
824069,Kansas City Royals,Miami Marlins,0.4909090909090909,0.509090909090909,0.018181818181818132,5.024157775421434,8.153296549002286,BACKTEST_INIT
824070,Kansas City Royals,Miami Marlins,0.4908256880733945,0.5091743119266054,0.018348623853210955,3.124329067087416,6.804171106190465,BACKTEST_INIT
824071,Kansas City Royals,Detroit Tigers,0.5555555555555556,0.4444444444444444,0.11111111111111116,3.625803662144962,1.7311057556296585,BACKTEST_INIT
824072,Kansas City Royals,Detroit Tigers,0.5394831531145409,0.46051684688545913,0.07896630622908174,3.778337296521312,2.1699577846366265,BACKTEST_INIT
824073,Kansas City Royals,Detroit Tigers,0.5555555555555556,0.4444444444444444,0.11111111111111116,3.9581948834638476,1.9780018762208424,BACKTEST_INIT
824074,Kansas City Royals,Athletics,0.5555555555555556,0.4444444444444444,0.11111111111111116,9.782539304122128,6.5838772511697705,BACKTEST_INIT
824075,Kansas City Royals,Athletics,0.5555555555555556,0.4444444444444444,0.11111111111111116,8.362442568628666,3.7293566150621023,BACKTEST_INIT
824076,Kansas City Royals,Athletics,0.5387387387387388,0.4612612612612612,0.07747747747747757,3.9774380965131613,3.4908106966800516,BACKTEST_INIT
824077,Kansas City Royals,Athletics,0.538878842676311,0.46112115732368897,0.07775768535262206,3.4136829920935012,3.08181934608117,BACKTEST_INIT
824078,Kansas City Royals,Chicago Cubs,0.5466237942122186,0.4533762057877814,0.09324758842443726,4.55145548710978,3.5538921844913935,BACKTEST_INIT
824079,Kansas City Royals,Chicago Cubs,0.4988066825775656,0.5011933174224343,0.002386634844868729,2.9274911835073882,5.323067327410852,BACKTEST_INIT
824080,Kansas City Royals,Minnesota Twins,0.5360824742268041,0.4639175257731959,0.07216494845360821,2.395163694845438,2.088445110035833,BACKTEST_INIT
824081,Kansas City Royals,Chicago Cubs,0.5,0.5,0.0,2.2503640455652056,4.628933912569247,BACKTEST_INIT
824082,Kansas City Royals,Minnesota Twins,0.5555555555555556,0.4444444444444444,0.11111111111111116,7.019665412708872,2.840646890096311,BACKTEST_INIT
824083,Kansas City Royals,San Francisco Giants,0.5213675213675214,0.4786324786324786,0.042735042735042805,3.035890668081924,2.758401262681064,BACKTEST_INIT
824084,Kansas City Royals,Minnesota Twins,0.49878934624697335,0.5012106537530266,0.002421307506053294,3.3764958066395687,5.7740601991663825,BACKTEST_INIT
824085,Kansas City Royals,San Francisco Giants,0.49627791563275436,0.5037220843672456,0.007444168734491274,3.583913242433524,4.347952994940556,BACKTEST_INIT
824086,Kansas City Royals,San Diego Padres,0.6666666666666666,0.33333333333333337,0.33333333333333326,6.45552993876874,1.557921948565801,BACKTEST_INIT
824087,Kansas City Royals,San Francisco Giants,0.49617151607963245,0.5038284839203675,0.007656967840735052,2.7743997950012163,4.979971904989334,BACKTEST_INIT
824088,Kansas City Royals,San Diego Padres,0.4908256880733946,0.5091743119266054,0.018348623853210844,6.773143349846887,7.286878147925886,BACKTEST_INIT
824089,Kansas City Royals,Philadelphia Phillies,0.5330188679245284,0.46698113207547165,0.0660377358490567,3.9297939768614016,3.3848397652801423,BACKTEST_INIT
824090,Kansas City Royals,San Diego Padres,0.3333333333333333,0.6666666666666667,0.3333333333333334,2.504466455741208,7.175612999890525,BACKTEST_INIT
824091,Kansas City Royals,Philadelphia Phillies,0.49019607843137253,0.5098039215686274,0.019607843137254888,2.221852587827592,4.732449823978022,BACKTEST_INIT
824092,Kansas City Royals,Philadelphia Phillies,0.5654008438818565,0.4345991561181435,0.13080168776371304,3.0821258298550895,1.989471526305521,BACKTEST_INIT
824093,Kansas City Royals,Tampa Bay Rays,0.4900662251655629,0.509933774834437,0.019867549668874107,1.5611021835681143,4.288070956055577,BACKTEST_INIT
824094,Kansas City Royals,Tampa Bay Rays,0.3333333333333333,0.6666666666666667,0.3333333333333334,2.590775278253508,7.905349718908534,BACKTEST_INIT
824095,Kansas City Royals,St. Louis Cardinals,0.5614035087719298,0.4385964912280702,0.12280701754385959,6.104879837158938,4.9521961803041314,BACKTEST_INIT
824096,Kansas City Royals,Tampa Bay Rays,0.4930555555555556,0.5069444444444444,0.01388888888888884,2.213787395893501,5.346793535025534,BACKTEST_INIT
824097,Kansas City Royals,St. Louis Cardinals,0.5644444444444444,0.4355555555555556,0.12888888888888883,9.772208626337914,4.6991543493343,BACKTEST_INIT
824098,Kansas City Royals,St. Louis Cardinals,0.5695067264573991,0.4304932735426009,0.13901345291479816,5.701282747939173,1.9349047230181609,BACKTEST_INIT
824099,Kansas City Royals,Houston Astros,0.5088028169014085,0.4911971830985915,0.01760563380281699,7.346081847723186,8.057846251100601,BACKTEST_INIT
824100,Kansas City Royals,Houston Astros,0.5071174377224199,0.4928825622775801,0.014234875444839812,8.62658294413402,10.42884806267572,BACKTEST_INIT
824101,Kansas City Royals,Texas Rangers,0.5,0.5,0.0,3.830991057182107,4.957513931852589,BACKTEST_INIT
824102,Kansas City Royals,Houston Astros,0.5674418604651162,0.43255813953488376,0.1348837209302325,3.1739710011430056,2.1697401240377454,BACKTEST_INIT
824103,Kansas City Royals,Texas Rangers,0.5274725274725275,0.4725274725274725,0.05494505494505497,3.7697383881988573,3.4577278763029073,BACKTEST_INIT
824104,Kansas City Royals,New York Yankees,0.3333333333333333,0.6666666666666667,0.3333333333333334,2.4308909813731194,10.124255393486836,BACKTEST_INIT
824105,Kansas City Royals,Texas Rangers,0.38485568699472433,0.6151443130052756,0.23028862601055128,2.6594133409397553,7.187709715605653,BACKTEST_INIT
824106,Kansas City Royals,New York Yankees,0.4864864864864865,0.5135135135135135,0.027027027027026973,3.2980659302086943,3.6649332915535346,BACKTEST_INIT
824107,Kansas City Royals,New York Yankees,0.49230769230769234,0.5076923076923077,0.01538461538461533,3.3661551945803483,3.452193605396512,BACKTEST_INIT
824108,Kansas City Royals,Seattle Mariners,0.5706806282722513,0.4293193717277487,0.1413612565445026,3.399269292757128,1.7444564625777355,BACKTEST_INIT
824109,Kansas City Royals,Seattle Mariners,0.4967532467532468,0.5032467532467533,0.006493506493506496,1.4118021007548838,2.73162080456984,BACKTEST_INIT
824110,Kansas City Royals,Seattle Mariners,0.4983277591973244,0.5016722408026756,0.0033444816053511683,1.93187892362331,3.4471646767534563,BACKTEST_INIT
824111,Kansas City Royals,Boston Red Sox,0.3333333333333333,0.6666666666666667,0.3333333333333334,1.9075910344432765,6.099624800411435,BACKTEST_INIT
824112,Kansas City Royals,Boston Red Sox,0.5126353790613718,0.4873646209386282,0.025270758122743597,2.1562987164999976,2.733279312858792,BACKTEST_INIT
824113,Kansas City Royals,Detroit Tigers,0.564245810055866,0.43575418994413395,0.1284916201117321,4.354664424295178,2.2891219118895334,BACKTEST_INIT
824114,Kansas City Royals,Boston Red Sox,0.5721925133689839,0.4278074866310161,0.14438502673796783,4.805418005025408,2.7468838169207785,BACKTEST_INIT
824115,Kansas City Royals,Detroit Tigers,0.5367647058823529,0.4632352941176471,0.07352941176470584,3.9744031835519555,3.473539667076371,BACKTEST_INIT
824116,Kansas City Royals,Detroit Tigers,0.5082872928176796,0.4917127071823204,0.016574585635359185,4.27866319063186,6.5394300597029655,BACKTEST_INIT
824117,Kansas City Royals,Cleveland Guardians,0.5055555555555554,0.4944444444444446,0.01111111111111085,2.077549709689702,2.335404698024308,BACKTEST_INIT
824118,Kansas City Royals,Cleveland Guardians,0.5624999999999999,0.4375000000000001,0.12499999999999978,5.469885218562934,2.124785019254883,BACKTEST_INIT
824119,Kansas City Royals,Cleveland Guardians,0.5636363636363636,0.4363636363636364,0.1272727272727272,5.649625268825314,1.7554594966061514,BACKTEST_INIT
824120,Kansas City Royals,Cleveland Guardians,0.5908496732026145,0.4091503267973855,0.181699346405229,6.232863357874282,1.8907162491736456,BACKTEST_INIT
824121,Kansas City Royals,Los Angeles Angels,0.5622317596566523,0.4377682403433477,0.12446351931330457,4.851150787221736,3.631679480911586,BACKTEST_INIT
824122,Kansas City Royals,Los Angeles Angels,0.6666666666666666,0.33333333333333337,0.33333333333333326,9.524782323759934,2.4060471707788498,BACKTEST_INIT
824123,Kansas City Royals,Baltimore Orioles,0.47560975609756095,0.524390243902439,0.04878048780487809,4.818505523035028,5.4095025946953434,BACKTEST_INIT
824124,Kansas City Royals,Los Angeles Angels,0.3333333333333333,0.6666666666666667,0.3333333333333334,2.2703008733494645,7.463383156897757,BACKTEST_INIT
824125,Kansas City Royals,Baltimore Orioles,0.46938775510204084,0.5306122448979591,0.06122448979591827,3.9595454447821106,4.732831756042202,BACKTEST_INIT
824126,Kansas City Royals,Chicago White Sox,0.4444444444444444,0.5555555555555556,0.11111111111111116,1.6999646764719363,2.045591916979837,BACKTEST_INIT
824127,Kansas City Royals,Baltimore Orioles,0.46938775510204084,0.5306122448979591,0.06122448979591827,4.564996570552578,6.514106987185955,BACKTEST_INIT
824128,Kansas City Royals,Chicago White Sox,0.43137254901960786,0.5686274509803921,0.13725490196078427,1.5865800156116063,3.0328537271862084,BACKTEST_INIT
824129,Kansas City Royals,Chicago White Sox,0.42105263157894735,0.5789473684210527,0.1578947368421053,1.6296049664618781,2.425475246547756,BACKTEST_INIT
824130,Kansas City Royals,Chicago White Sox,0.4444444444444444,0.5555555555555556,0.11111111111111116,3.3727973901896053,4.8990406433172335,BACKTEST_INIT
824131,Kansas City Royals,Milwaukee Brewers,0.6063829787234043,0.3936170212765957,0.2127659574468086,8.309880735971385,3.6686559170316517,BACKTEST_INIT
824132,Kansas City Royals,Milwaukee Brewers,0.5,0.5,0.0,1.2634074490591458,1.8431495686349093,BACKTEST_INIT
824133,Kansas City Royals,Minnesota Twins,0.6461538461538462,0.3538461538461538,0.2923076923076924,10.368482952809687,10.04534502364951,BACKTEST_INIT
824134,Kansas City Royals,Milwaukee Brewers,0.5,0.5,0.0,1.2381393000779628,1.8062865772622112,BACKTEST_INIT
824135,Kansas City Royals,Minnesota Twins,0.73408,0.26592,0.46815999999999997,5.2737217724519825,3.429487792645335,BACKTEST_INIT
824136,Kansas City Royals,Minnesota Twins,0.6153846153846154,0.3846153846153846,0.23076923076923084,3.9860821379606746,2.2942728441804405,BACKTEST_INIT
824142,Houston Astros,Arizona Diamondbacks,0.5122699386503068,0.4877300613496932,0.024539877300613577,2.4824317403096985,2.3792419104320763,BACKTEST_INIT
824144,Houston Astros,Chicago White Sox,0.5371980676328503,0.4628019323671497,0.07439613526570055,2.019749586393256,1.6738468587124908,BACKTEST_INIT
824145,Houston Astros,Arizona Diamondbacks,0.5376532399299474,0.4623467600700526,0.0753064798598948,2.5133598505954167,1.5468790055679134,BACKTEST_INIT
824146,Houston Astros,Arizona Diamondbacks,0.5376532399299474,0.4623467600700526,0.0753064798598948,2.1184469893620945,1.49485824586097,BACKTEST_INIT
824147,Houston Astros,Chicago White Sox,0.4908256880733945,0.5091743119266054,0.018348623853210955,1.9942655644222103,4.146058625876501,BACKTEST_INIT
824148,Houston Astros,Chicago White Sox,0.5555555555555556,0.4444444444444444,0.11111111111111116,5.484923772688547,3.353124698127967,BACKTEST_INIT
824149,Houston Astros,Chicago White Sox,0.5395256916996047,0.46047430830039526,0.07905138339920947,4.32201377741786,3.2049712239754378,BACKTEST_INIT
824150,Houston Astros,Athletics,0.5402298850574713,0.45977011494252873,0.08045977011494254,3.8964570063217248,3.149059575718805,BACKTEST_INIT
824151,Houston Astros,Athletics,0.5555555555555556,0.4444444444444444,0.11111111111111116,4.056529366385515,2.257200822813346,BACKTEST_INIT
824152,Houston Astros,Athletics,0.5077519379844961,0.49224806201550386,0.015503875968992276,4.495365902167569,4.819086120489701,BACKTEST_INIT
824153,Houston Astros,Los Angeles Angels,0.5320855614973262,0.4679144385026738,0.06417112299465244,2.2981156610272135,1.945207106569607,BACKTEST_INIT
824154,Houston Astros,Los Angeles Angels,0.5379061371841155,0.4620938628158845,0.07581227436823101,2.717590234299869,1.5712984617202301,BACKTEST_INIT
824155,Houston Astros,Los Angeles Angels,0.5218253968253969,0.47817460317460314,0.04365079365079372,2.243630246274533,2.0871384283233847,BACKTEST_INIT
824156,Houston Astros,Seattle Mariners,0.495,0.505,0.010000000000000009,5.212910452118883,8.915464059229642,BACKTEST_INIT
824157,Houston Astros,Seattle Mariners,0.5555555555555556,0.4444444444444444,0.11111111111111116,9.17333050773724,5.743117868125854,BACKTEST_INIT
824158,Houston Astros,Toronto Blue Jays,0.5555555555555556,0.4444444444444444,0.11111111111111116,6.627342706554236,3.172874357579426,BACKTEST_INIT
824159,Houston Astros,Seattle Mariners,0.494949494949495,0.505050505050505,0.01010101010101,2.2657093165511686,4.653767808863197,BACKTEST_INIT
824160,Houston Astros,Toronto Blue Jays,0.4975728155339806,0.5024271844660194,0.004854368932038833,4.5824402107474995,4.864059868955469,BACKTEST_INIT
824161,Houston Astros,Toronto Blue Jays,0.49878934624697335,0.5012106537530266,0.002421307506053294,2.0897404068633274,3.6491296472994526,BACKTEST_INIT
824162,Houston Astros,Texas Rangers,0.6666666666666666,0.33333333333333337,0.33333333333333326,9.727580610765502,3.29724871774845,BACKTEST_INIT
824163,Houston Astros,Texas Rangers,0.5445859872611465,0.4554140127388535,0.08917197452229297,4.140632536227214,3.2990684260235064,BACKTEST_INIT
824164,Houston Astros,Texas Rangers,0.5,0.5,0.0,4.6191549275763055,4.755577655400189,BACKTEST_INIT
824165,Houston Astros,Miami Marlins,0.5555555555555556,0.4444444444444444,0.11111111111111116,7.810843755323029,3.9570764403646312,BACKTEST_INIT
824166,Houston Astros,Miami Marlins,0.5510204081632653,0.44897959183673475,0.1020408163265305,5.6612975369059555,3.6392272945370197,BACKTEST_INIT
824167,Houston Astros,Miami Marlins,0.5513698630136986,0.4486301369863014,0.10273972602739723,3.623646636042472,2.8751346183026163,BACKTEST_INIT
824168,Houston Astros,Baltimore Orioles,0.4942528735632184,0.5057471264367817,0.01149425287356326,2.428708122074682,4.15442271978281,BACKTEST_INIT
824169,Houston Astros,Baltimore Orioles,0.4853801169590643,0.5146198830409356,0.029239766081871343,2.5972193508795325,4.226471952654174,BACKTEST_INIT
824170,Houston Astros,Baltimore Orioles,0.4880952380952381,0.5119047619047619,0.02380952380952378,2.6190669633561576,5.617872726270104,BACKTEST_INIT
824171,Houston Astros,Tampa Bay Rays,0.49878934624697335,0.5012106537530266,0.002421307506053294,2.729480918790716,2.8193936989077413,BACKTEST_INIT
824172,Houston Astros,Tampa Bay Rays,0.5531914893617021,0.44680851063829785,0.1063829787234043,8.832555612703718,7.778215053692518,BACKTEST_INIT
824173,Houston Astros,Tampa Bay Rays,0.4900662251655629,0.509933774834437,0.019867549668874107,3.3681051024832867,7.993442763518825,BACKTEST_INIT
824174,Houston Astros,Minnesota Twins,0.5531914893617021,0.44680851063829785,0.1063829787234043,5.111606293347025,4.287915160339062,BACKTEST_INIT
824175,Houston Astros,Minnesota Twins,0.4930555555555556,0.5069444444444444,0.01388888888888884,3.604743767329401,4.4295399581905865,BACKTEST_INIT
824176,Houston Astros,Minnesota Twins,0.4930555555555556,0.5069444444444444,0.01388888888888884,3.016807642536328,3.4886339203808623,BACKTEST_INIT
824177,Houston Astros,Cleveland Guardians,0.3333333333333333,0.6666666666666667,0.3333333333333334,1.2352993378929011,7.676613250888655,BACKTEST_INIT
824178,Houston Astros,Detroit Tigers,0.5703125,0.4296875,0.140625,2.5142971117492503,1.3689934128228203,BACKTEST_INIT
824179,Houston Astros,Cleveland Guardians,0.5038167938931297,0.4961832061068703,0.007633587786259444,1.9022831808512883,2.505074055768952,BACKTEST_INIT
824180,Houston Astros,Cleveland Guardians,0.6666666666666666,0.33333333333333337,0.33333333333333326,8.952310575816444,2.625927552363073,BACKTEST_INIT
824181,Houston Astros,Detroit Tigers,0.510593220338983,0.489406779661017,0.021186440677966045,1.2131107912733659,2.3478766358726793,BACKTEST_INIT
824182,Houston Astros,Detroit Tigers,0.3333333333333333,0.6666666666666667,0.3333333333333334,1.6119935758502568,8.640778899324134,BACKTEST_INIT
824183,Houston Astros,Athletics,0.6666666666666666,0.33333333333333337,0.33333333333333326,10.033330242837605,1.9794685215232697,BACKTEST_INIT
824184,Houston Astros,Athletics,0.5700483091787439,0.42995169082125606,0.14009661835748788,4.299369727057163,2.142056207982682,BACKTEST_INIT
824185,Houston Astros,Pittsburgh Pirates,0.49504950495049505,0.504950495049505,0.00990099009900991,9.1589971788189,8.923917838682273,BACKTEST_INIT
824186,Houston Astros,Athletics,0.4960159362549801,0.5039840637450199,0.007968127490039834,2.9648199119848355,5.558028245433597,BACKTEST_INIT
824187,Houston Astros,Milwaukee Brewers,0.6604280603757628,0.33957193962423715,0.3208561207515257,8.864723294821284,3.1276622226378787,BACKTEST_INIT
824188,Houston Astros,Pittsburgh Pirates,0.4947916666666667,0.5052083333333333,0.010416666666666574,4.979684806897067,9.690342933313893,BACKTEST_INIT
824189,Houston Astros,Pittsburgh Pirates,0.4909090909090909,0.509090909090909,0.018181818181818132,2.1659549925920936,3.2339891067815127,BACKTEST_INIT
824190,Houston Astros,Milwaukee Brewers,0.4861878453038674,0.5138121546961326,0.027624309392265234,3.6375718072364154,3.7953192257292514,BACKTEST_INIT
824191,Houston Astros,Milwaukee Brewers,0.5750000000000001,0.42499999999999993,0.15000000000000013,3.7551302604905814,2.836568597548726,BACKTEST_INIT
824192,Houston Astros,Texas Rangers,0.572972972972973,0.427027027027027,0.145945945945946,2.9544310844693515,1.2061584324208041,BACKTEST_INIT
824193,Houston Astros,Texas Rangers,0.572972972972973,0.427027027027027,0.145945945945946,2.3492817885214663,1.2061584324208041,BACKTEST_INIT
824194,Houston Astros,Texas Rangers,0.3333333333333333,0.6666666666666667,0.3333333333333334,2.5986281046552837,7.259293104012452,BACKTEST_INIT
824195,Houston Astros,Seattle Mariners,0.3333333333333333,0.6666666666666667,0.3333333333333334,1.7559199729347936,8.712161814452292,BACKTEST_INIT
824196,Houston Astros,Seattle Mariners,0.5138888888888888,0.48611111111111116,0.02777777777777768,2.586459788704497,2.583059231214623,BACKTEST_INIT
824197,Houston Astros,Seattle Mariners,0.5106382978723404,0.4893617021276596,0.02127659574468077,1.6841247444544214,2.495075949607924,BACKTEST_INIT
824198,Houston Astros,Los Angeles Dodgers,0.5555555555555556,0.4444444444444444,0.11111111111111116,2.6371333547111777,1.9953501941499319,BACKTEST_INIT
824199,Houston Astros,Seattle Mariners,0.5106382978723404,0.4893617021276596,0.02127659574468077,1.7251992591205036,2.260263194515442,BACKTEST_INIT
824200,Houston Astros,Los Angeles Dodgers,0.3333333333333333,0.6666666666666667,0.3333333333333334,2.6462460299757247,7.005457166578249,BACKTEST_INIT
824201,Houston Astros,Los Angeles Dodgers,0.49206349206349204,0.5079365079365079,0.015873015873015872,2.526043641842135,3.6094382143596797,BACKTEST_INIT
824202,Houston Astros,New York Yankees,0.3333333333333333,0.6666666666666667,0.3333333333333334,2.8104856207671594,8.48635081653686,BACKTEST_INIT
824203,Houston Astros,New York Yankees,0.3333333333333333,0.6666666666666667,0.3333333333333334,2.745132750668014,9.864653412063186,BACKTEST_INIT
824204,Houston Astros,New York Yankees,0.47058823529411764,0.5294117647058824,0.05882352941176472,1.7328591137466982,2.5817006747935687,BACKTEST_INIT
824205,Houston Astros,St. Louis Cardinals,0.46938775510204084,0.5306122448979591,0.06122448979591827,3.698856979190485,6.8518393312416475,BACKTEST_INIT
824206,Houston Astros,St. Louis Cardinals,0.3333333333333333,0.6666666666666667,0.3333333333333334,3.1389074079913115,9.415764067589283,BACKTEST_INIT
824207,Houston Astros,St. Louis Cardinals,0.4883720930232558,0.5116279069767442,0.023255813953488413,2.3546693026335475,3.3301014081213585,BACKTEST_INIT
824208,Houston Astros,Colorado Rockies,0.6057142857142858,0.39428571428571424,0.21142857142857152,3.4601223924931563,1.9682902015442196,BACKTEST_INIT
824209,Houston Astros,Colorado Rockies,0.5903614457831327,0.40963855421686735,0.1807228915662653,6.659153534734145,6.303890123992616,BACKTEST_INIT
824210,Houston Astros,Colorado Rockies,0.4473684210526316,0.5526315789473684,0.10526315789473678,2.9203746977648795,6.520554345325021,BACKTEST_INIT
824211,Houston Astros,Boston Red Sox,0.6666666666666666,0.33333333333333337,0.33333333333333326,7.811830597999123,2.3548163130857143,BACKTEST_INIT
824212,Houston Astros,Boston Red Sox,0.6428571428571429,0.3571428571428571,0.2857142857142858,6.663492644040963,2.303518781309867,BACKTEST_INIT
824213,Houston Astros,Los Angeles Angels,0.11518,0.88482,0.7696400000000001,1.5743951035093482,4.810030785449486,BACKTEST_INIT
824214,Houston Astros,Boston Red Sox,0.5472,0.4528,0.09440000000000004,6.01344205833778,5.3856210622477585,BACKTEST_INIT
824215,Houston Astros,Los Angeles Angels,0.56074,0.43926,0.12148000000000003,9.112055526611337,8.345586448628968,BACKTEST_INIT
824216,Houston Astros,Los Angeles Angels,0.19176,0.80824,0.6164799999999999,1.495934005670903,3.554124527165591,BACKTEST_INIT
824218,Houston Astros,Los Angeles Angels,0.54144,0.45856,0.08288000000000001,4.28762925607775,3.9269713086981977,BACKTEST_INIT
824229,Detroit Tigers,Minnesota Twins,0.5555555555555556,0.4444444444444444,0.11111111111111116,6.198978043709069,2.535274487282061,BACKTEST_INIT
824230,Detroit Tigers,Los Angeles Dodgers,0.48847926267281105,0.511520737327189,0.02304147465437789,1.6804369446991356,2.9604223779897234,BACKTEST_INIT
824231,Detroit Tigers,Los Angeles Dodgers,0.4930232558139535,0.5069767441860464,0.013953488372092926,1.97377542743058,4.684165358003184,BACKTEST_INIT
824232,Detroit Tigers,Los Angeles Dodgers,0.48847926267281105,0.511520737327189,0.02304147465437789,1.854545840002643,2.4667340130087467,BACKTEST_INIT
824233,Detroit Tigers,Tampa Bay Rays,0.49047619047619045,0.5095238095238095,0.019047619047619035,2.372517444124445,3.504470857726459,BACKTEST_INIT
824234,Detroit Tigers,Tampa Bay Rays,0.5126353790613718,0.4873646209386282,0.025270758122743597,3.011113218211038,2.9975608772174986,BACKTEST_INIT
824235,Detroit Tigers,Tampa Bay Rays,0.5413223140495868,0.45867768595041325,0.0826446280991735,4.304102770557491,3.325534892767992,BACKTEST_INIT
824236,Detroit Tigers,Chicago White Sox,0.5212765957446809,0.4787234042553191,0.042553191489361764,3.988615676127381,4.0491513409738715,BACKTEST_INIT
824237,Detroit Tigers,Chicago White Sox,0.5555555555555556,0.4444444444444444,0.11111111111111116,5.967043924541366,2.5745184357905897,BACKTEST_INIT
824238,Detroit Tigers,Cleveland Guardians,0.5197505197505196,0.48024948024948044,0.039501039501039115,4.581320057342532,4.636269833466572,BACKTEST_INIT
824239,Detroit Tigers,Chicago White Sox,0.4964705882352941,0.5035294117647059,0.007058823529411784,5.458774655758438,8.548380628697382,BACKTEST_INIT
824240,Detroit Tigers,Cleveland Guardians,0.5555555555555556,0.4444444444444444,0.11111111111111116,3.750788111993412,2.0499140051162836,BACKTEST_INIT
824241,Detroit Tigers,Cleveland Guardians,0.5555555555555556,0.4444444444444444,0.11111111111111116,4.950419705033758,2.743907972209386,BACKTEST_INIT
824242,Detroit Tigers,Baltimore Orioles,0.6666666666666666,0.33333333333333337,0.33333333333333326,9.508513130515247,1.1701190976831926,BACKTEST_INIT
824243,Detroit Tigers,Baltimore Orioles,0.4975369458128079,0.5024630541871922,0.004926108374384286,3.653888798389815,8.403355520619025,BACKTEST_INIT
824244,Detroit Tigers,Kansas City Royals,0.552369442613345,0.447630557386655,0.10473888522668995,3.109416034026003,1.8436731671391984,BACKTEST_INIT
824245,Detroit Tigers,Baltimore Orioles,0.4975369458128079,0.5024630541871922,0.004926108374384286,1.643530265247272,2.9409138137051505,BACKTEST_INIT
824246,Detroit Tigers,Kansas City Royals,0.5488215488215488,0.45117845117845123,0.09764309764309753,2.6008458030510635,2.070760396773376,BACKTEST_INIT
824247,Detroit Tigers,Kansas City Royals,0.5555555555555556,0.4444444444444444,0.11111111111111116,4.502189446928943,1.7580816443544818,BACKTEST_INIT
824248,Detroit Tigers,Kansas City Royals,0.5555555555555556,0.4444444444444444,0.11111111111111116,4.406897100183169,2.1397457190683546,BACKTEST_INIT
824249,Detroit Tigers,Philadelphia Phillies,0.6666666666666666,0.33333333333333337,0.33333333333333326,9.24987626415283,1.4701059077373824,BACKTEST_INIT
824250,Detroit Tigers,Philadelphia Phillies,0.4879518072289157,0.5120481927710843,0.024096385542168586,1.1263804634271366,2.29628001642061,BACKTEST_INIT
824251,Detroit Tigers,Athletics,0.5578512396694215,0.4421487603305785,0.11570247933884303,5.737106588874647,2.1067430678614314,BACKTEST_INIT
824252,Detroit Tigers,Philadelphia Phillies,0.5573770491803278,0.4426229508196722,0.11475409836065564,2.0852466103391656,1.3693250687579166,BACKTEST_INIT
824253,Detroit Tigers,Athletics,0.5578512396694215,0.4421487603305785,0.11570247933884303,6.297323097170427,2.8078424697319746,BACKTEST_INIT
824254,Detroit Tigers,Athletics,0.5625,0.4375,0.125,5.759137244455929,2.8621426482704426,BACKTEST_INIT
824255,Detroit Tigers,Houston Astros,0.49645390070921985,0.5035460992907801,0.007092198581560238,1.908294456171521,2.5317535541573575,BACKTEST_INIT
824256,Detroit Tigers,Houston Astros,0.5,0.5,0.0,6.233400719377549,7.795755661974482,BACKTEST_INIT
824257,Detroit Tigers,Houston Astros,0.6666666666666666,0.33333333333333337,0.33333333333333326,8.621130693706588,1.7108462258880168,BACKTEST_INIT
824258,Detroit Tigers,Houston Astros,0.5093167701863354,0.49068322981366463,0.01863354037267073,2.3672407702817253,2.8124055319362307,BACKTEST_INIT
824259,Detroit Tigers,New York Yankees,0.5614035087719298,0.4385964912280702,0.12280701754385959,3.796733584684951,2.7199690246038735,BACKTEST_INIT
824260,Detroit Tigers,Chicago White Sox,0.5614035087719298,0.4385964912280702,0.12280701754385959,2.964906590191398,2.33735736664688,BACKTEST_INIT
824261,Detroit Tigers,New York Yankees,0.5614035087719298,0.4385964912280702,0.12280701754385959,3.7622690510044468,1.489345201311342,BACKTEST_INIT
824262,Detroit Tigers,New York Yankees,0.5614035087719298,0.4385964912280702,0.12280701754385959,4.356584483293373,1.9656548207259417,BACKTEST_INIT
824263,Detroit Tigers,Chicago White Sox,0.5075757575757577,0.4924242424242423,0.01515151515151536,2.336940148956367,3.7064851333415563,BACKTEST_INIT
824264,Detroit Tigers,Chicago White Sox,0.5,0.5,0.0,1.2950032786318415,4.275858327278767,BACKTEST_INIT
824265,Detroit Tigers,Minnesota Twins,0.5,0.5,0.0,3.8261999034197647,4.765469331296467,BACKTEST_INIT
824266,Detroit Tigers,Minnesota Twins,0.6666666666666666,0.33333333333333337,0.33333333333333326,8.758711101215798,2.901956949559993,BACKTEST_INIT
824267,Detroit Tigers,Minnesota Twins,0.5639810426540284,0.4360189573459716,0.12796208530805675,5.386672936115189,2.4991000801432297,BACKTEST_INIT
824268,Detroit Tigers,Seattle Mariners,0.4990328820116054,0.5009671179883946,0.001934235976789156,1.3312174403365964,2.657068214431596,BACKTEST_INIT
824269,Detroit Tigers,Seattle Mariners,0.5972936313327063,0.4027063686672937,0.1945872626654126,6.638527990236466,2.2620647521681634,BACKTEST_INIT
824270,Detroit Tigers,Los Angeles Angels,0.4806201550387597,0.5193798449612403,0.038759689922480633,4.930586387282543,8.202065405971089,BACKTEST_INIT
824271,Detroit Tigers,Seattle Mariners,0.5700483091787439,0.42995169082125606,0.14009661835748788,5.002930804259051,1.7458969333254064,BACKTEST_INIT
824272,Detroit Tigers,Los Angeles Angels,0.6271102255335123,0.37288977446648774,0.2542204510670245,4.455501113756275,1.042300997379051,BACKTEST_INIT
824273,Detroit Tigers,Cleveland Guardians,0.5089605734767025,0.49103942652329746,0.017921146953405076,1.994841528723866,4.4956313841614906,BACKTEST_INIT
824274,Detroit Tigers,Cleveland Guardians,0.5035460992907801,0.4964539007092199,0.007092198581560183,1.9298664590279242,3.7477333451335313,BACKTEST_INIT
824275,Detroit Tigers,Los Angeles Angels,0.5212765957446809,0.4787234042553191,0.042553191489361764,2.949143344684032,2.835145810152535,BACKTEST_INIT
824276,Detroit Tigers,Cleveland Guardians,0.3333333333333333,0.6666666666666667,0.3333333333333334,1.8209085711272817,6.824732154540197,BACKTEST_INIT
824277,Detroit Tigers,Cleveland Guardians,0.3333333333333333,0.6666666666666667,0.3333333333333334,1.7771096540244455,6.240530217148005,BACKTEST_INIT
824278,Detroit Tigers,Toronto Blue Jays,0.5406698564593302,0.4593301435406698,0.08133971291866038,3.1767772642347696,3.0395756455666456,BACKTEST_INIT
824279,Detroit Tigers,Toronto Blue Jays,0.5185185185185187,0.4814814814814813,0.037037037037037424,2.36101911273326,2.842717194109169,BACKTEST_INIT
824280,Detroit Tigers,Toronto Blue Jays,0.5126727895101103,0.4873272104898897,0.02534557902022061,3.0960614140188647,6.282534517036977,BACKTEST_INIT
824281,Detroit Tigers,Boston Red Sox,0.5636363636363636,0.4363636363636364,0.1272727272727272,4.646196366468107,3.389354060452497,BACKTEST_INIT
824282,Detroit Tigers,Boston Red Sox,0.47222222222222243,0.5277777777777776,0.055555555555555136,3.885646074834249,8.887755777497905,BACKTEST_INIT
824283,Detroit Tigers,Boston Red Sox,0.5592592592592592,0.44074074074074077,0.11851851851851847,5.115282245266724,1.686362577141965,BACKTEST_INIT
824284,Detroit Tigers,Texas Rangers,0.5047619047619047,0.49523809523809526,0.00952380952380949,3.239617091892643,3.331174665137235,BACKTEST_INIT
824285,Detroit Tigers,Texas Rangers,0.5572519083969466,0.4427480916030534,0.11450381679389321,3.9042185667732934,2.400021752120494,BACKTEST_INIT
824286,Detroit Tigers,Milwaukee Brewers,0.47058823529411764,0.5294117647058824,0.05882352941176472,4.05599934465638,9.197996701143843,BACKTEST_INIT
824287,Detroit Tigers,Texas Rangers,0.5559322033898305,0.4440677966101695,0.11186440677966103,3.10630343606576,1.9268309109433703,BACKTEST_INIT
824288,Detroit Tigers,Milwaukee Brewers,0.5733944954128442,0.42660550458715585,0.1467889908256883,4.375335672466429,1.1894662288715903,BACKTEST_INIT
824289,Detroit Tigers,Kansas City Royals,0.6057142857142858,0.39428571428571424,0.21142857142857152,2.732704067592706,1.9293536425861744,BACKTEST_INIT
824290,Detroit Tigers,Milwaukee Brewers,0.4794520547945205,0.5205479452054795,0.04109589041095901,3.8352733927311102,4.211847876035888,BACKTEST_INIT
824291,Detroit Tigers,Kansas City Royals,0.5903614457831327,0.40963855421686735,0.1807228915662653,2.788435895394703,1.8934187202367172,BACKTEST_INIT
824292,Detroit Tigers,Kansas City Royals,0.6174138172318887,0.3825861827681113,0.2348276344637774,6.298179483213984,2.158300236356901,BACKTEST_INIT
824293,Detroit Tigers,Miami Marlins,0.6549171214877703,0.34508287851222974,0.3098342429755405,4.820461450818611,1.0998532606146545,BACKTEST_INIT
824294,Detroit Tigers,Miami Marlins,0.5955882352941176,0.40441176470588236,0.19117647058823528,2.4849933140128213,1.0554107007572728,BACKTEST_INIT
824295,Detroit Tigers,St. Louis Cardinals,0.625,0.375,0.25,2.6673982880379885,1.8411379834932,BACKTEST_INIT
824296,Detroit Tigers,St. Louis Cardinals,0.6063829787234043,0.3936170212765957,0.2127659574468086,8.970256337577192,4.532535528213844,BACKTEST_INIT
824297,Detroit Tigers,Miami Marlins,0.43137254901960786,0.5686274509803921,0.13725490196078427,3.0122689869808297,6.997666411039693,BACKTEST_INIT
824299,Detroit Tigers,St. Louis Cardinals,0.5,0.5,0.0,1.8195782636586668,2.106832662516314,BACKTEST_INIT
824309,Colorado Rockies,St. Louis Cardinals,0.5376532399299474,0.4623467600700526,0.0753064798598948,9.9051039887661,7.266871743339674,BACKTEST_INIT
824310,Colorado Rockies,St. Louis Cardinals,0.4864864864864865,0.5135135135135135,0.027027027027026973,6.118416949923066,7.505461095676206,BACKTEST_INIT
824311,Colorado Rockies,St. Louis Cardinals,0.5555555555555556,0.4444444444444444,0.11111111111111116,4.296249292933021,2.389135970774341,BACKTEST_INIT
824312,Colorado Rockies,Baltimore Orioles,0.5398832684824902,0.46011673151750976,0.07976653696498048,2.908460259623177,2.086225040709947,BACKTEST_INIT
824313,Colorado Rockies,Baltimore Orioles,0.5402750491159135,0.4597249508840865,0.08055009823182702,2.186240121848436,2.0935658376086526,BACKTEST_INIT
824314,Colorado Rockies,Baltimore Orioles,0.4908256880733945,0.5091743119266054,0.018348623853210955,3.8609686098119065,7.567650230699461,BACKTEST_INIT
824315,Colorado Rockies,Cleveland Guardians,0.4880382775119617,0.5119617224880383,0.02392344497607657,2.435657163044672,4.172494492643081,BACKTEST_INIT
824316,Colorado Rockies,Cleveland Guardians,0.3333333333333333,0.6666666666666667,0.3333333333333334,2.2199815635522606,8.184063476793977,BACKTEST_INIT
824317,Colorado Rockies,Cleveland Guardians,0.49038461538461536,0.5096153846153846,0.019230769230769218,3.390964197109147,4.557254311159918,BACKTEST_INIT
824318,Colorado Rockies,Los Angeles Dodgers,0.49038461538461536,0.5096153846153846,0.019230769230769218,5.950518613041299,7.440004624762593,BACKTEST_INIT
824319,Colorado Rockies,Los Angeles Dodgers,0.3333333333333333,0.6666666666666667,0.3333333333333334,4.372178538096883,10.707160388429031,BACKTEST_INIT
824320,Colorado Rockies,Los Angeles Dodgers,0.5555555555555556,0.4444444444444444,0.11111111111111116,8.730414033456132,4.536797155048234,BACKTEST_INIT
824321,Colorado Rockies,Tampa Bay Rays,0.49878934624697335,0.5012106537530266,0.002421307506053294,8.686866601145272,12.37540940035972,BACKTEST_INIT
824322,Colorado Rockies,Tampa Bay Rays,0.4975845410628019,0.5024154589371981,0.004830917874396157,6.524334814489658,7.145332323427516,BACKTEST_INIT
824323,Colorado Rockies,Kansas City Royals,0.5969948116703725,0.4030051883296275,0.193989623340745,11.477457980186466,5.122245840331223,BACKTEST_INIT
824324,Colorado Rockies,Tampa Bay Rays,0.6666666666666666,0.33333333333333337,0.33333333333333326,8.574901409364923,1.9766107239766892,BACKTEST_INIT
824325,Colorado Rockies,Kansas City Royals,0.5,0.5,0.0,1.6350071654589815,2.4872808257061405,BACKTEST_INIT
824326,Colorado Rockies,Kansas City Royals,0.5059952038369304,0.4940047961630696,0.011990407673860837,2.3438484267693673,2.2724001358751442,BACKTEST_INIT
824327,Colorado Rockies,Washington Nationals,0.5510204081632653,0.44897959183673475,0.1020408163265305,9.400477024542635,7.400506926506283,BACKTEST_INIT
824328,Colorado Rockies,Washington Nationals,0.3333333333333333,0.6666666666666667,0.3333333333333334,2.537274222985572,7.101250517748288,BACKTEST_INIT
824329,Colorado Rockies,Washington Nationals,0.49627791563275436,0.5037220843672456,0.007444168734491274,2.320773313872272,6.137124571320041,BACKTEST_INIT
824330,Colorado Rockies,Cincinnati Reds,0.6666666666666666,0.33333333333333337,0.33333333333333326,10.719704023198648,3.469333163320757,BACKTEST_INIT
824331,Colorado Rockies,Cincinnati Reds,0.4853801169590643,0.5146198830409356,0.029239766081871343,3.428041678296714,6.583662108824365,BACKTEST_INIT
824332,Colorado Rockies,Cincinnati Reds,0.5531914893617021,0.44680851063829785,0.1063829787234043,3.6912545205186174,3.1641710809273027,BACKTEST_INIT
824333,Colorado Rockies,San Francisco Giants,0.3333333333333333,0.6666666666666667,0.3333333333333334,1.4367457001124393,5.180006967407989,BACKTEST_INIT
824334,Colorado Rockies,San Francisco Giants,0.6666666666666666,0.33333333333333337,0.33333333333333326,11.052558858572338,3.5721071188213434,BACKTEST_INIT
824335,Colorado Rockies,Miami Marlins,0.5866780144206705,0.41332198557932953,0.17335602884134094,5.608171144307451,1.58112101388476,BACKTEST_INIT
824336,Colorado Rockies,San Francisco Giants,0.6033951373925311,0.39660486260746886,0.2067902747850623,9.707147219490125,3.9813503271568376,BACKTEST_INIT
824337,Colorado Rockies,Miami Marlins,0.3333333333333333,0.6666666666666667,0.3333333333333334,2.6509855459450176,10.576700354152269,BACKTEST_INIT
824338,Colorado Rockies,Miami Marlins,0.4930555555555556,0.5069444444444444,0.01388888888888884,7.395826674272145,12.163205407275107,BACKTEST_INIT
824339,Colorado Rockies,Miami Marlins,0.4930555555555556,0.5069444444444444,0.01388888888888884,2.273320659439683,5.4838862919025715,BACKTEST_INIT
824340,Colorado Rockies,Boston Red Sox,0.5037037037037037,0.49629629629629635,0.007407407407407307,2.6541978217097935,3.023707946908543,BACKTEST_INIT
824341,Colorado Rockies,Boston Red Sox,0.5037037037037037,0.49629629629629635,0.007407407407407307,2.854431523678942,4.684761901255089,BACKTEST_INIT
824342,Colorado Rockies,Pittsburgh Pirates,0.5663716814159292,0.4336283185840708,0.1327433628318584,4.7687206542940315,1.395436688105693,BACKTEST_INIT
824343,Colorado Rockies,Pittsburgh Pirates,0.5614035087719298,0.4385964912280702,0.12280701754385959,3.5059583463317416,1.6047521913215468,BACKTEST_INIT
824344,Colorado Rockies,Boston Red Sox,0.5614035087719298,0.4385964912280702,0.12280701754385959,7.626035827213852,4.616951695335228,BACKTEST_INIT
824345,Colorado Rockies,Pittsburgh Pirates,0.5001687932317359,0.4998312067682641,0.0003375864634718173,5.774421162385608,10.734777996894238,BACKTEST_INIT
824346,Colorado Rockies,Chicago Cubs,0.5,0.5,0.0,3.4730250099118236,3.9529228310761617,BACKTEST_INIT
824347,Colorado Rockies,Chicago Cubs,0.49586776859504134,0.5041322314049587,0.008264462809917328,1.9337456020555903,4.8874403426707484,BACKTEST_INIT
824348,Colorado Rockies,Chicago Cubs,0.5639810426540284,0.4360189573459716,0.12796208530805675,6.780675108884385,4.521515104220884,BACKTEST_INIT
824349,Colorado Rockies,Milwaukee Brewers,0.3333333333333333,0.6666666666666667,0.3333333333333334,1.7584715927713506,6.289512773820865,BACKTEST_INIT
824350,Colorado Rockies,Milwaukee Brewers,0.4960159362549801,0.5039840637450199,0.007968127490039834,6.035501595951412,10.920518026766871,BACKTEST_INIT
824351,Colorado Rockies,Milwaukee Brewers,0.4956521739130436,0.5043478260869564,0.008695652173912771,7.240216591874489,10.702953163368933,BACKTEST_INIT
824352,Colorado Rockies,San Francisco Giants,0.5750000000000001,0.42499999999999993,0.15000000000000013,9.599126335409284,5.8771815912309116,BACKTEST_INIT
824353,Colorado Rockies,San Francisco Giants,0.4795539033457249,0.5204460966542751,0.040892193308550207,2.7356741049931914,3.2454821524682327,BACKTEST_INIT
824354,Colorado Rockies,San Francisco Giants,0.5779816513761468,0.42201834862385323,0.15596330275229353,8.427391958663508,3.6738934737415416,BACKTEST_INIT
824355,Colorado Rockies,Texas Rangers,0.3333333333333333,0.6666666666666667,0.3333333333333334,1.4216462864020842,11.9144658991525,BACKTEST_INIT
824356,Colorado Rockies,Texas Rangers,0.574468085106383,0.42553191489361697,0.14893617021276606,6.54251491255112,4.70019575567437,BACKTEST_INIT
824357,Colorado Rockies,Texas Rangers,0.3333333333333333,0.6666666666666667,0.3333333333333334,2.7011984419996975,10.671956978813032,BACKTEST_INIT
824358,Colorado Rockies,Arizona Diamondbacks,0.572972972972973,0.427027027027027,0.145945945945946,3.3509978201358557,1.5111641556526498,BACKTEST_INIT
824359,Colorado Rockies,Arizona Diamondbacks,0.3333333333333333,0.6666666666666667,0.3333333333333334,2.936343493312365,8.819913907193335,BACKTEST_INIT
824360,Colorado Rockies,Arizona Diamondbacks,0.5129533678756478,0.4870466321243522,0.02590673575129565,3.349291956797533,6.0215380204878715,BACKTEST_INIT
824361,Colorado Rockies,New York Mets,0.5027932960893855,0.4972067039106145,0.005586592178770999,2.000209693933273,2.099911619830849,BACKTEST_INIT
824362,Colorado Rockies,New York Mets,0.3333333333333333,0.6666666666666667,0.3333333333333334,3.7127151317063216,11.38933967473733,BACKTEST_INIT
824363,Colorado Rockies,New York Mets,0.49206349206349204,0.5079365079365079,0.015873015873015872,3.570169000455661,4.938302395214645,BACKTEST_INIT
824364,Colorado Rockies,Atlanta Braves,0.3333333333333333,0.6666666666666667,0.3333333333333334,1.978996476420821,8.975422071087849,BACKTEST_INIT
824365,Colorado Rockies,Atlanta Braves,0.49999999999999994,0.5,5.551115123125783e-17,5.351717532433588,8.956575119860323,BACKTEST_INIT
824366,Colorado Rockies,Atlanta Braves,0.49999999999999994,0.5,5.551115123125783e-17,2.2060219075900034,4.038431405528215,BACKTEST_INIT
824367,Colorado Rockies,San Diego Padres,0.47058823529411764,0.5294117647058824,0.05882352941176472,1.7064788255721075,2.2802113976686593,BACKTEST_INIT
824368,Colorado Rockies,San Diego Padres,0.6666666666666666,0.33333333333333337,0.33333333333333326,9.322541658303836,2.493346103933789,BACKTEST_INIT
824369,Colorado Rockies,San Diego Padres,0.3333333333333333,0.6666666666666667,0.3333333333333334,1.7391706131308755,6.687425563130365,BACKTEST_INIT
824370,Colorado Rockies,Los Angeles Dodgers,0.5931372549019608,0.4068627450980392,0.18627450980392157,8.413019910210686,4.602987291871097,BACKTEST_INIT
824371,Colorado Rockies,Los Angeles Dodgers,0.5888324873096448,0.41116751269035523,0.17766497461928954,2.985704887995455,2.4624944966498066,BACKTEST_INIT
824372,Colorado Rockies,Los Angeles Dodgers,0.3333333333333333,0.6666666666666667,0.3333333333333334,2.279475383432879,8.583178780340198,BACKTEST_INIT
824373,Colorado Rockies,Los Angeles Dodgers,0.3333333333333333,0.6666666666666667,0.3333333333333334,2.3182060264694666,8.346382561285873,BACKTEST_INIT
824374,Colorado Rockies,Houston Astros,0.5966386554621849,0.40336134453781514,0.19327731092436973,5.401869782119716,2.8615103022726416,BACKTEST_INIT
824375,Colorado Rockies,Houston Astros,0.5945945945945946,0.4054054054054054,0.18918918918918926,7.7695963444905525,5.880027776439953,BACKTEST_INIT
824376,Colorado Rockies,Houston Astros,0.6057692307692307,0.3942307692307693,0.21153846153846145,5.0205321798847296,4.339742672159588,BACKTEST_INIT
824377,Colorado Rockies,Philadelphia Phillies,0.5,0.5,0.0,2.1024851383805316,3.668351762949794,BACKTEST_INIT
824378,Colorado Rockies,Philadelphia Phillies,0.3333333333333333,0.6666666666666667,0.3333333333333334,2.117513345312971,11.058879108256319,BACKTEST_INIT
824379,Colorado Rockies,Philadelphia Phillies,0.6063829787234043,0.3936170212765957,0.2127659574468086,1.9795806810046612,1.5304554329779114,BACKTEST_INIT
824385,Cleveland Guardians,Detroit Tigers,0.48214285714285715,0.5178571428571428,0.03571428571428564,1.4847446428889577,4.6752036958021765,BACKTEST_INIT
824387,Cleveland Guardians,Detroit Tigers,0.48868778280542985,0.5113122171945701,0.022624434389140247,3.2818571321153733,7.9141537894515235,BACKTEST_INIT
824388,Cleveland Guardians,Toronto Blue Jays,0.3333333333333333,0.6666666666666667,0.3333333333333334,1.3116349184256986,9.014232688926688,BACKTEST_INIT
824389,Cleveland Guardians,Detroit Tigers,0.5555555555555556,0.4444444444444444,0.11111111111111116,6.158273241528165,2.303062247027463,BACKTEST_INIT
824390,Cleveland Guardians,Toronto Blue Jays,0.5735462569907689,0.4264537430092311,0.14709251398153778,6.6285803970963215,2.3156361250302395,BACKTEST_INIT
824391,Cleveland Guardians,Toronto Blue Jays,0.5555555555555556,0.4444444444444444,0.11111111111111116,6.106035075032114,2.245097416417862,BACKTEST_INIT
824392,Cleveland Guardians,Kansas City Royals,0.48847926267281105,0.511520737327189,0.02304147465437789,1.6423488566523021,3.721163210447539,BACKTEST_INIT
824393,Cleveland Guardians,Kansas City Royals,0.3333333333333333,0.6666666666666667,0.3333333333333334,2.10192793938214,6.75001924436024,BACKTEST_INIT
824394,Cleveland Guardians,San Francisco Giants,0.5555555555555556,0.4444444444444444,0.11111111111111116,6.320693581514125,2.323983166810141,BACKTEST_INIT
824395,Cleveland Guardians,San Francisco Giants,0.5058823529411764,0.49411764705882355,0.0117647058823529,1.3901214161319428,1.7814762526915926,BACKTEST_INIT
824396,Cleveland Guardians,Kansas City Royals,0.5161290322580645,0.4838709677419355,0.032258064516129004,4.06140602999881,4.701841824632762,BACKTEST_INIT
824397,Cleveland Guardians,San Diego Padres,0.5555555555555556,0.4444444444444444,0.11111111111111116,4.554824579588101,1.7365989173867664,BACKTEST_INIT
824398,Cleveland Guardians,San Francisco Giants,0.5379061371841155,0.4620938628158845,0.07581227436823101,4.7103105030148225,4.345899024532376,BACKTEST_INIT
824399,Cleveland Guardians,San Diego Padres,0.494949494949495,0.505050505050505,0.01010101010101,1.9269394500496695,4.697636596559171,BACKTEST_INIT
824400,Cleveland Guardians,San Diego Padres,0.4964705882352941,0.5035294117647059,0.007058823529411784,3.442056277894438,6.073379476346959,BACKTEST_INIT
824401,Cleveland Guardians,New York Mets,0.5,0.5,0.0,3.947143925657206,5.191016357869904,BACKTEST_INIT
824402,Cleveland Guardians,New York Mets,0.4975845410628019,0.5024154589371981,0.004830917874396157,2.8942917106004975,4.474104267269633,BACKTEST_INIT
824403,Cleveland Guardians,New York Mets,0.5555555555555556,0.4444444444444444,0.11111111111111116,2.920749588190078,1.150714563356713,BACKTEST_INIT
824404,Cleveland Guardians,Arizona Diamondbacks,0.49756097560975604,0.5024390243902439,0.004878048780487865,6.909370927619436,8.620314875341784,BACKTEST_INIT
824405,Cleveland Guardians,Arizona Diamondbacks,0.5,0.5,0.0,2.1052944113049405,3.519511071595816,BACKTEST_INIT
824406,Cleveland Guardians,Minnesota Twins,0.4962962962962963,0.5037037037037038,0.007407407407407474,5.248019669370852,9.416358149715352,BACKTEST_INIT
824407,Cleveland Guardians,Arizona Diamondbacks,0.5,0.5,0.0,2.057655356459133,2.7934852385737026,BACKTEST_INIT
824408,Cleveland Guardians,Minnesota Twins,0.5519354822490711,0.4480645177509289,0.10387096449814215,4.091470555989991,2.48462141450848,BACKTEST_INIT
824409,Cleveland Guardians,Minnesota Twins,0.6666666666666666,0.33333333333333337,0.33333333333333326,9.648127378015976,3.1785413248232146,BACKTEST_INIT
824410,Cleveland Guardians,Minnesota Twins,0.5555555555555556,0.4444444444444444,0.11111111111111116,4.408129028283085,2.1611330063734564,BACKTEST_INIT
824411,Cleveland Guardians,Pittsburgh Pirates,0.4942528735632184,0.5057471264367817,0.01149425287356326,2.94663185470373,5.616177697873327,BACKTEST_INIT
824412,Cleveland Guardians,Pittsburgh Pirates,0.4853801169590643,0.5146198830409356,0.029239766081871343,1.527051958527998,2.9348238661332595,BACKTEST_INIT
824413,Cleveland Guardians,Chicago White Sox,0.49019607843137253,0.5098039215686274,0.019607843137254888,2.6295089053290854,3.4918489810772506,BACKTEST_INIT
824414,Cleveland Guardians,Pittsburgh Pirates,0.4853801169590643,0.5146198830409356,0.029239766081871343,1.527051958527998,2.9348238661332595,BACKTEST_INIT
824415,Cleveland Guardians,Chicago White Sox,0.5654008438818565,0.4345991561181435,0.13080168776371304,4.168631057613248,3.2762558187429924,BACKTEST_INIT
824416,Cleveland Guardians,Chicago White Sox,0.6597001173815839,0.34029988261841615,0.3194002347631677,7.270150714160083,2.205776144991907,BACKTEST_INIT
824417,Cleveland Guardians,Chicago White Sox,0.5659574468085107,0.4340425531914893,0.13191489361702136,7.342671569660844,4.055942362018007,BACKTEST_INIT
824418,Cleveland Guardians,Texas Rangers,0.4930555555555556,0.5069444444444444,0.01388888888888884,3.838328030810377,5.653415910460568,BACKTEST_INIT
824419,Cleveland Guardians,Texas Rangers,0.4863013698630137,0.5136986301369864,0.027397260273972657,2.745373405992855,4.321810240696612,BACKTEST_INIT
824420,Cleveland Guardians,Texas Rangers,0.5056603773584906,0.49433962264150944,0.01132075471698113,3.6747638369687197,4.2698251527753115,BACKTEST_INIT
824421,Cleveland Guardians,Seattle Mariners,0.5531914893617021,0.44680851063829785,0.1063829787234043,2.1751115789135627,1.7988045030004707,BACKTEST_INIT
824422,Cleveland Guardians,Seattle Mariners,0.5627705627705628,0.4372294372294372,0.12554112554112562,3.0546199056005756,2.2725133735110408,BACKTEST_INIT
824423,Cleveland Guardians,Seattle Mariners,0.5633187772925764,0.4366812227074236,0.1266375545851528,2.85847573120978,1.362851574714138,BACKTEST_INIT
824424,Cleveland Guardians,Detroit Tigers,0.48868778280542985,0.5113122171945701,0.022624434389140247,3.2818571321153733,7.9141537894515235,BACKTEST_INIT
824425,Cleveland Guardians,Detroit Tigers,0.3333333333333333,0.6666666666666667,0.3333333333333334,1.9874386586028354,8.686267757091414,BACKTEST_INIT
824426,Cleveland Guardians,Detroit Tigers,0.5694444444444444,0.4305555555555556,0.13888888888888884,2.3481119343625685,1.5072338701132124,BACKTEST_INIT
824427,Cleveland Guardians,New York Yankees,0.3333333333333333,0.6666666666666667,0.3333333333333334,1.3162379057462952,5.6945293657714675,BACKTEST_INIT
824428,Cleveland Guardians,New York Yankees,0.5,0.5,0.0,2.577584964399239,3.5084881144947504,BACKTEST_INIT
824429,Cleveland Guardians,New York Yankees,0.49586776859504134,0.5041322314049587,0.008264462809917328,3.1412406143047655,6.260816918189455,BACKTEST_INIT
824430,Cleveland Guardians,Boston Red Sox,0.3333333333333333,0.6666666666666667,0.3333333333333334,2.3163995247568883,9.104446401439004,BACKTEST_INIT
824431,Cleveland Guardians,Boston Red Sox,0.5750000000000001,0.42499999999999993,0.15000000000000013,4.391900821046109,3.2928666689058237,BACKTEST_INIT
824432,Cleveland Guardians,Washington Nationals,0.4806201550387597,0.5193798449612403,0.038759689922480633,1.9348208792137114,5.552515703907399,BACKTEST_INIT
824433,Cleveland Guardians,Boston Red Sox,0.5750000000000001,0.42499999999999993,0.15000000000000013,4.441820000504548,3.3091522545378003,BACKTEST_INIT
824434,Cleveland Guardians,Washington Nationals,0.3333333333333333,0.6666666666666667,0.3333333333333334,1.6121229165921727,9.95952974950494,BACKTEST_INIT
824435,Cleveland Guardians,Cincinnati Reds,0.5168539325842697,0.4831460674157303,0.03370786516853941,4.9959747784582165,5.581862974145329,BACKTEST_INIT
824436,Cleveland Guardians,Cincinnati Reds,0.572972972972973,0.427027027027027,0.145945945945946,5.79736399691627,4.821421230050689,BACKTEST_INIT
824437,Cleveland Guardians,Washington Nationals,0.49230769230769234,0.5076923076923077,0.01538461538461533,1.5250178758657875,1.8530766323043473,BACKTEST_INIT
824438,Cleveland Guardians,Los Angeles Angels,0.5683060109289617,0.4316939890710383,0.13661202185792343,4.376895710024626,2.9948011807247887,BACKTEST_INIT
824439,Cleveland Guardians,Cincinnati Reds,0.5129533678756478,0.4870466321243522,0.02590673575129565,2.5218795950832242,4.160347560451897,BACKTEST_INIT
824440,Cleveland Guardians,Minnesota Twins,0.5080213903743316,0.4919786096256684,0.016042780748663166,1.6376388027021518,2.8007388252536547,BACKTEST_INIT
824441,Cleveland Guardians,Los Angeles Angels,0.5101726323066287,0.4898273676933713,0.020345264613257363,1.6546545650122526,4.163056322052956,BACKTEST_INIT
824442,Cleveland Guardians,Los Angeles Angels,0.565934065934066,0.43406593406593397,0.13186813186813207,5.901413973297718,3.1191760203068606,BACKTEST_INIT
824443,Cleveland Guardians,Minnesota Twins,0.564245810055866,0.43575418994413395,0.1284916201117321,6.301368686320627,2.945267376437005,BACKTEST_INIT
824444,Cleveland Guardians,Minnesota Twins,0.564245810055866,0.43575418994413395,0.1284916201117321,6.4245322585806015,3.41595674442555,BACKTEST_INIT
824445,Cleveland Guardians,Tampa Bay Rays,0.5,0.5,0.0,1.3846136874658332,2.1757256158297666,BACKTEST_INIT
824446,Cleveland Guardians,Tampa Bay Rays,0.5,0.5,0.0,1.5317045090092294,3.1551837061830015,BACKTEST_INIT
824447,Cleveland Guardians,Tampa Bay Rays,0.5,0.5,0.0,1.6730342766419544,3.226621147538843,BACKTEST_INIT
824448,Cleveland Guardians,Houston Astros,0.3333333333333333,0.6666666666666667,0.3333333333333334,3.0233878086977963,8.523942514763629,BACKTEST_INIT
824449,Cleveland Guardians,Houston Astros,0.5794392523364486,0.42056074766355145,0.1588785046728971,7.9317356478863,5.749072788305499,BACKTEST_INIT
824450,Cleveland Guardians,Houston Astros,0.5931372549019608,0.4068627450980392,0.18627450980392157,6.337462822066941,3.08087530697033,BACKTEST_INIT
824451,Cleveland Guardians,Baltimore Orioles,0.5172413793103449,0.48275862068965514,0.034482758620689724,4.1382181775033136,4.757564744189571,BACKTEST_INIT
824452,Cleveland Guardians,Baltimore Orioles,0.5888324873096448,0.41116751269035523,0.17766497461928954,4.102708827220353,3.188074018276013,BACKTEST_INIT
824453,Cleveland Guardians,Baltimore Orioles,0.4883720930232558,0.5116279069767442,0.023255813953488413,4.575913750627178,5.6862281569317705,BACKTEST_INIT
824454,Cleveland Guardians,Baltimore Orioles,0.5989010989010988,0.40109890109890123,0.19780219780219754,4.168540445665571,2.868729872752814,BACKTEST_INIT
824455,Cleveland Guardians,Kansas City Royals,0.5966386554621849,0.40336134453781514,0.19327731092436973,2.599059756182605,2.117583932543933,BACKTEST_INIT
824456,Cleveland Guardians,Kansas City Royals,0.6057692307692307,0.3942307692307693,0.21153846153846145,4.6960401276842845,4.005227288302137,BACKTEST_INIT
824457,Cleveland Guardians,Kansas City Royals,0.42857142857142855,0.5714285714285714,0.14285714285714285,3.4029585772803346,4.223153014749425,BACKTEST_INIT
824458,Cleveland Guardians,Chicago Cubs,0.5,0.5,0.0,1.9904804944583083,4.110917095095885,BACKTEST_INIT
824459,Cleveland Guardians,Chicago Cubs,0.6063829787234043,0.3936170212765957,0.2127659574468086,1.5939687348376996,1.4467146638857238,BACKTEST_INIT
824460,Cleveland Guardians,Chicago Cubs,0.6063829787234043,0.3936170212765957,0.2127659574468086,1.555091448622146,1.411428940376316,BACKTEST_INIT
824468,Cincinnati Reds,Milwaukee Brewers,0.4864864864864865,0.5135135135135135,0.027027027027026973,6.2367266905246,10.56806294730047,BACKTEST_INIT
824469,Cincinnati Reds,Milwaukee Brewers,0.6435550165083216,0.3564449834916784,0.2871100330166432,5.59201843529214,1.3625768795179296,BACKTEST_INIT
824470,Cincinnati Reds,San Diego Padres,0.4908256880733945,0.5091743119266054,0.018348623853210955,2.5275569816010997,4.174641897093807,BACKTEST_INIT
824471,Cincinnati Reds,Milwaukee Brewers,0.5555555555555556,0.4444444444444444,0.11111111111111116,3.7910389033545737,1.68475706934464,BACKTEST_INIT
824472,Cincinnati Reds,San Diego Padres,0.4908256880733945,0.5091743119266054,0.018348623853210955,1.338283723260003,4.621202035392949,BACKTEST_INIT
824473,Cincinnati Reds,San Diego Padres,0.5395256916996047,0.46047430830039526,0.07905138339920947,5.64308048752386,4.4221301398962645,BACKTEST_INIT
824474,Cincinnati Reds,St. Louis Cardinals,0.5385996409335727,0.4614003590664273,0.07719928186714542,3.2699879892024883,2.5643469673610557,BACKTEST_INIT
824475,Cincinnati Reds,St. Louis Cardinals,0.5555555555555556,0.4444444444444444,0.11111111111111116,4.079360467275927,1.245115116302769,BACKTEST_INIT
824476,Cincinnati Reds,St. Louis Cardinals,0.5059760956175299,0.4940239043824701,0.01195219123505975,1.461957778683718,1.6630245587224781,BACKTEST_INIT
824477,Cincinnati Reds,Miami Marlins,0.3333333333333333,0.6666666666666667,0.3333333333333334,2.2273133386709083,7.126768444732111,BACKTEST_INIT
824478,Cincinnati Reds,St. Louis Cardinals,0.3333333333333333,0.6666666666666667,0.3333333333333334,2.3858215794150808,9.730118344259857,BACKTEST_INIT
824479,Cincinnati Reds,Miami Marlins,0.5721312580014826,0.42786874199851743,0.14426251600296514,8.856331765770328,3.4545221791726948,BACKTEST_INIT
824480,Cincinnati Reds,Miami Marlins,0.4964705882352941,0.5035294117647059,0.007058823529411784,1.1512534559696816,2.7903103481863543,BACKTEST_INIT
824481,Cincinnati Reds,Athletics,0.5487012987012987,0.4512987012987013,0.09740259740259738,3.762455604579493,2.877358717416094,BACKTEST_INIT
824482,Cincinnati Reds,Athletics,0.5472312703583062,0.4527687296416938,0.09446254071661242,4.382176381939796,3.5371492472909845,BACKTEST_INIT
824483,Cincinnati Reds,Pittsburgh Pirates,0.3333333333333333,0.6666666666666667,0.3333333333333334,1.2405669274445121,4.623686597275987,BACKTEST_INIT
824484,Cincinnati Reds,Athletics,0.6666666666666666,0.33333333333333337,0.33333333333333326,9.91359001136315,3.106560944074297,BACKTEST_INIT
824485,Cincinnati Reds,Pittsburgh Pirates,0.5431309904153354,0.4568690095846646,0.08626198083067083,8.465567704691924,6.6314384270513385,BACKTEST_INIT
824486,Cincinnati Reds,Pittsburgh Pirates,0.5,0.5,0.0,2.7743248435639014,2.788965330387191,BACKTEST_INIT
824487,Cincinnati Reds,Cleveland Guardians,0.4975369458128079,0.5024630541871922,0.004926108374384286,3.4207982535895036,3.778852445020438,BACKTEST_INIT
824488,Cincinnati Reds,Pittsburgh Pirates,0.5,0.5,0.0,2.770561409676634,2.941907713945534,BACKTEST_INIT
824489,Cincinnati Reds,Cleveland Guardians,0.4975369458128079,0.5024630541871922,0.004926108374384286,1.5110694406864407,1.656307723016151,BACKTEST_INIT
824490,Cincinnati Reds,Cleveland Guardians,0.4975369458128079,0.5024630541871922,0.004926108374384286,1.5110694406864407,1.656307723016151,BACKTEST_INIT
824491,Cincinnati Reds,Chicago Cubs,0.4879518072289157,0.5120481927710843,0.024096385542168586,3.0857792017797614,3.8033424970080123,BACKTEST_INIT
824492,Cincinnati Reds,Chicago Cubs,0.5550847457627118,0.44491525423728817,0.11016949152542366,2.884058665689013,1.7462097283375986,BACKTEST_INIT
824493,Cincinnati Reds,Chicago Cubs,0.515625,0.484375,0.03125,2.5262194507085143,2.288438988630892,BACKTEST_INIT
824494,Cincinnati Reds,Philadelphia Phillies,0.5578512396694215,0.4421487603305785,0.11570247933884303,9.309067916092378,4.088825854186117,BACKTEST_INIT
824495,Cincinnati Reds,Philadelphia Phillies,0.6666666666666666,0.33333333333333337,0.33333333333333326,7.162510461492252,1.7406133406188768,BACKTEST_INIT
824496,Cincinnati Reds,Philadelphia Phillies,0.4873417721518987,0.5126582278481013,0.02531645569620261,1.5128628056222384,2.629730223450845,BACKTEST_INIT
824497,Cincinnati Reds,Baltimore Orioles,0.49019607843137253,0.5098039215686274,0.019607843137254888,3.699851316222384,7.735128821863712,BACKTEST_INIT
824498,Cincinnati Reds,Baltimore Orioles,0.4900662251655629,0.509933774834437,0.019867549668874107,3.0924373406000347,4.441835367342617,BACKTEST_INIT
824499,Cincinnati Reds,Baltimore Orioles,0.4934210526315789,0.506578947368421,0.01315789473684209,2.3186967805199687,3.473097267598751,BACKTEST_INIT
824500,Cincinnati Reds,Milwaukee Brewers,0.5093167701863354,0.49068322981366463,0.01863354037267073,1.5154219750294355,1.6238651917424736,BACKTEST_INIT
824501,Cincinnati Reds,Milwaukee Brewers,0.5614035087719298,0.4385964912280702,0.12280701754385959,2.2143296550758196,1.4765668991482523,BACKTEST_INIT
824502,Cincinnati Reds,Milwaukee Brewers,0.5012601952132638,0.4987398047867362,0.00252039042652763,4.344475453951365,8.643993581528349,BACKTEST_INIT
824503,Cincinnati Reds,New York Mets,0.5703125,0.4296875,0.140625,5.286677003759477,1.6765218956088925,BACKTEST_INIT
824504,Cincinnati Reds,New York Mets,0.6666666666666666,0.33333333333333337,0.33333333333333326,8.800292169408529,1.1662644151418116,BACKTEST_INIT
824505,Cincinnati Reds,New York Mets,0.5,0.5,0.0,3.529203162985003,8.181188381086534,BACKTEST_INIT
824506,Cincinnati Reds,Arizona Diamondbacks,0.5088028169014085,0.4911971830985915,0.01760563380281699,2.215519124042559,2.5719081458428326,BACKTEST_INIT
824507,Cincinnati Reds,Arizona Diamondbacks,0.5027223230490018,0.4972776769509982,0.005444646098003547,2.3796450623354795,2.7668279145067913,BACKTEST_INIT
824508,Cincinnati Reds,Arizona Diamondbacks,0.5071174377224199,0.4928825622775801,0.014234875444839812,2.364788837570136,4.029762889750242,BACKTEST_INIT
824509,Cincinnati Reds,Kansas City Royals,0.5756097560975609,0.42439024390243907,0.15121951219512186,3.137569405822043,1.8924905233757037,BACKTEST_INIT
824510,Cincinnati Reds,Kansas City Royals,0.5787234042553191,0.4212765957446809,0.1574468085106382,6.1929438805732255,3.525768619289203,BACKTEST_INIT
824511,Cincinnati Reds,Kansas City Royals,0.3333333333333333,0.6666666666666667,0.3333333333333334,2.6965899146040586,9.35090116597541,BACKTEST_INIT
824512,Cincinnati Reds,Atlanta Braves,0.49074074074074076,0.5092592592592593,0.018518518518518545,2.026557035948793,5.517353547679624,BACKTEST_INIT
824513,Cincinnati Reds,Atlanta Braves,0.3333333333333333,0.6666666666666667,0.3333333333333334,2.1033633193276344,6.73202021690849,BACKTEST_INIT
824514,Cincinnati Reds,St. Louis Cardinals,0.3333333333333333,0.6666666666666667,0.3333333333333334,2.3858215794150808,9.730118344259857,BACKTEST_INIT
824515,Cincinnati Reds,Atlanta Braves,0.4795539033457249,0.5204460966542751,0.040892193308550207,1.6562041913375565,4.915854353085004,BACKTEST_INIT
824516,Cincinnati Reds,St. Louis Cardinals,0.4967532467532468,0.5032467532467533,0.006493506493506496,1.2318546880850754,1.6931600396730104,BACKTEST_INIT
824517,Cincinnati Reds,Washington Nationals,0.5078534031413613,0.4921465968586387,0.015706806282722585,5.6024024401285155,7.431745528223576,BACKTEST_INIT
824518,Cincinnati Reds,St. Louis Cardinals,0.4967532467532468,0.5032467532467533,0.006493506493506496,1.2318546880850754,1.6931600396730104,BACKTEST_INIT
824519,Cincinnati Reds,Washington Nationals,0.3333333333333333,0.6666666666666667,0.3333333333333334,3.8657514913541817,10.627731205738193,BACKTEST_INIT
824520,Cincinnati Reds,Houston Astros,0.564245810055866,0.43575418994413395,0.1284916201117321,2.206673464186266,1.2688833752831425,BACKTEST_INIT
824521,Cincinnati Reds,Washington Nationals,0.565934065934066,0.43406593406593397,0.13186813186813207,3.6103965645134215,2.2448106219222836,BACKTEST_INIT
824522,Cincinnati Reds,Houston Astros,0.564245810055866,0.43575418994413395,0.1284916201117321,5.616273627397413,4.623235724435425,BACKTEST_INIT
824523,Cincinnati Reds,Houston Astros,0.3333333333333333,0.6666666666666667,0.3333333333333334,1.8884182059526486,9.745540289816844,BACKTEST_INIT
824524,Cincinnati Reds,Colorado Rockies,0.3333333333333333,0.6666666666666667,0.3333333333333334,2.395237208941759,9.667912275020235,BACKTEST_INIT
824525,Cincinnati Reds,Colorado Rockies,0.5621301775147929,0.4378698224852071,0.12426035502958577,6.574998212500839,3.029050873615155,BACKTEST_INIT
824526,Cincinnati Reds,Colorado Rockies,0.5,0.5,0.0,2.148600965060069,4.91454272647778,BACKTEST_INIT
824527,Cincinnati Reds,Detroit Tigers,0.5622317596566523,0.4377682403433477,0.12446351931330457,8.720611888805728,7.207356831141604,BACKTEST_INIT
824528,Cincinnati Reds,Detroit Tigers,0.6666666666666666,0.33333333333333337,0.33333333333333326,8.432229635279178,2.156462911236719,BACKTEST_INIT
824529,Cincinnati Reds,Detroit Tigers,0.3333333333333333,0.6666666666666667,0.3333333333333334,1.5932988419238407,6.124561713289271,BACKTEST_INIT
824530,Cincinnati Reds,San Francisco Giants,0.6666666666666666,0.33333333333333337,0.33333333333333326,7.970940198779509,2.4714534654220564,BACKTEST_INIT
824531,Cincinnati Reds,San Francisco Giants,0.4473684210526316,0.5526315789473684,0.10526315789473678,3.977730653905384,6.1117083456093475,BACKTEST_INIT
824532,Cincinnati Reds,San Francisco Giants,0.5903614457831327,0.40963855421686735,0.1807228915662653,3.08160360518539,2.2633961683699337,BACKTEST_INIT
824533,Cincinnati Reds,Los Angeles Angels,0.5972222222222222,0.4027777777777778,0.19444444444444442,5.2799718265181745,2.9010718911851026,BACKTEST_INIT
824534,Cincinnati Reds,Los Angeles Angels,0.43137254901960786,0.5686274509803921,0.13725490196078427,3.171522528002969,4.444993938299145,BACKTEST_INIT
824535,Cincinnati Reds,Los Angeles Angels,0.3333333333333333,0.6666666666666667,0.3333333333333334,3.051279426449233,8.44743952504244,BACKTEST_INIT
824536,Cincinnati Reds,Pittsburgh Pirates,0.3333333333333333,0.6666666666666667,0.3333333333333334,3.2184965751719465,9.141698654064498,BACKTEST_INIT
824537,Cincinnati Reds,Pittsburgh Pirates,0.6428571428571429,0.3571428571428571,0.2857142857142858,3.249021882349986,1.6385855475456645,BACKTEST_INIT
824538,Cincinnati Reds,Boston Red Sox,0.5089,0.4911,0.017800000000000038,3.9616159573718064,3.8367196927519194,BACKTEST_INIT
824539,Cincinnati Reds,Pittsburgh Pirates,0.56908,0.43092,0.13816,4.152591037941713,3.6138509128749563,BACKTEST_INIT
824540,Cincinnati Reds,Boston Red Sox,0.18446,0.81554,0.6310800000000001,1.6725444576644999,3.904334933945548,BACKTEST_INIT
824541,Cincinnati Reds,Boston Red Sox,0.41856,0.58144,0.16287999999999997,3.981595517870918,4.60238987495579,BACKTEST_INIT
824552,Chicago White Sox,Minnesota Twins,0.5122699386503068,0.4877300613496932,0.024539877300613577,3.60968150500492,4.386674423302181,BACKTEST_INIT
824553,Chicago White Sox,Minnesota Twins,0.5555555555555556,0.4444444444444444,0.11111111111111116,3.911299360323019,1.5816638083103531,BACKTEST_INIT
824554,Chicago White Sox,Minnesota Twins,0.48868778280542985,0.5113122171945701,0.022624434389140247,3.936283261294448,6.174840886269864,BACKTEST_INIT
824555,Chicago White Sox,Texas Rangers,0.5383043922369765,0.46169560776302354,0.07660878447395292,9.772554452857191,7.736663006546403,BACKTEST_INIT
824556,Chicago White Sox,Texas Rangers,0.3333333333333333,0.6666666666666667,0.3333333333333334,1.8839159188598271,9.443910646369375,BACKTEST_INIT
824557,Chicago White Sox,Texas Rangers,0.5131086142322098,0.48689138576779023,0.02621722846441954,1.8718405463347365,1.9410754272489794,BACKTEST_INIT
824558,Chicago White Sox,New York Mets,0.4880382775119617,0.5119617224880383,0.02392344497607657,4.616839312123729,8.76762636569168,BACKTEST_INIT
824559,Chicago White Sox,New York Mets,0.49038461538461536,0.5096153846153846,0.019230769230769218,1.5922539600537333,3.7847686545553243,BACKTEST_INIT
824560,Chicago White Sox,New York Mets,0.5386243386243387,0.46137566137566133,0.07724867724867734,4.8919270116737135,4.097762336584813,BACKTEST_INIT
824561,Chicago White Sox,Cincinnati Reds,0.5555555555555556,0.4444444444444444,0.11111111111111116,4.444263260725652,1.6780040424147575,BACKTEST_INIT
824562,Chicago White Sox,Cincinnati Reds,0.5429447852760736,0.4570552147239264,0.08588957055214719,4.091155615116232,3.536138279526925,BACKTEST_INIT
824563,Chicago White Sox,Cincinnati Reds,0.5990162387979248,0.40098376120207524,0.19803247759584952,7.3952495269507335,2.6583920236579814,BACKTEST_INIT
824564,Chicago White Sox,Cleveland Guardians,0.5466237942122186,0.4533762057877814,0.09324758842443726,4.386634147763221,3.2452129550959077,BACKTEST_INIT
824565,Chicago White Sox,Cleveland Guardians,0.3333333333333333,0.6666666666666667,0.3333333333333334,1.1753607174855494,7.942976592536903,BACKTEST_INIT
824566,Chicago White Sox,Cleveland Guardians,0.5326633165829145,0.46733668341708545,0.0653266331658291,9.619553424989721,8.970670595938106,BACKTEST_INIT
824567,Chicago White Sox,New York Yankees,0.5555555555555556,0.4444444444444444,0.11111111111111116,3.0929457127780937,1.281476462033428,BACKTEST_INIT
824568,Chicago White Sox,New York Yankees,0.5431309904153354,0.4568690095846646,0.08626198083067083,4.5142458245104615,3.077387593584216,BACKTEST_INIT
824569,Chicago White Sox,New York Yankees,0.4975369458128079,0.5024630541871922,0.004926108374384286,4.954578510117338,9.969821604177788,BACKTEST_INIT
824570,Chicago White Sox,New York Yankees,0.6666666666666666,0.33333333333333337,0.33333333333333326,9.154069919449007,2.2760409252731137,BACKTEST_INIT
824571,Chicago White Sox,Houston Astros,0.4962962962962963,0.5037037037037038,0.007407407407407474,4.305945402154481,8.731349488229686,BACKTEST_INIT
824572,Chicago White Sox,Houston Astros,0.4962962962962963,0.5037037037037038,0.007407407407407474,2.312695792931836,3.859379880563541,BACKTEST_INIT
824573,Chicago White Sox,Houston Astros,0.5472972972972973,0.45270270270270274,0.09459459459459452,3.3760789914260965,2.695453371643441,BACKTEST_INIT
824574,Chicago White Sox,Athletics,0.4989010989010989,0.5010989010989011,0.00219780219780219,1.3607617421988445,1.645796789507389,BACKTEST_INIT
824575,Chicago White Sox,Athletics,0.5531914893617021,0.44680851063829785,0.1063829787234043,3.1608820686561927,2.8257792415330067,BACKTEST_INIT
824576,Chicago White Sox,Athletics,0.6666666666666666,0.33333333333333337,0.33333333333333326,10.872347230622227,2.080839647567812,BACKTEST_INIT
824577,Chicago White Sox,Boston Red Sox,0.3333333333333333,0.6666666666666667,0.3333333333333334,1.736969468699108,5.719269590565583,BACKTEST_INIT
824578,Chicago White Sox,Boston Red Sox,0.3333333333333333,0.6666666666666667,0.3333333333333334,1.9934953918654053,6.9222737175952425,BACKTEST_INIT
824579,Chicago White Sox,Boston Red Sox,0.5049504950495051,0.49504950495049493,0.009900990099010132,6.0937630603436155,6.0075222175298215,BACKTEST_INIT
824580,Chicago White Sox,Kansas City Royals,0.5,0.5,0.0,1.250483839971097,1.9590681217818844,BACKTEST_INIT
824581,Chicago White Sox,Kansas City Royals,0.6666666666666666,0.33333333333333337,0.33333333333333326,10.14780951185194,2.2660651097698894,BACKTEST_INIT
824582,Chicago White Sox,Kansas City Royals,0.5633187772925764,0.4366812227074236,0.1266375545851528,7.107897295941262,2.893701262347418,BACKTEST_INIT
824583,Chicago White Sox,Cleveland Guardians,0.5614035087719298,0.4385964912280702,0.12280701754385959,3.1282246815094483,2.37262341709521,BACKTEST_INIT
824584,Chicago White Sox,Cleveland Guardians,0.5614035087719298,0.4385964912280702,0.12280701754385959,4.885027084328325,3.656856574984996,BACKTEST_INIT
824585,Chicago White Sox,Cleveland Guardians,0.5192878338278932,0.48071216617210677,0.03857566765578646,2.3236591156155404,2.1939216455952777,BACKTEST_INIT
824586,Chicago White Sox,Los Angeles Dodgers,0.3333333333333333,0.6666666666666667,0.3333333333333334,1.8512677428988678,6.028093222012343,BACKTEST_INIT
824587,Chicago White Sox,Los Angeles Dodgers,0.5694444444444444,0.4305555555555556,0.13888888888888884,6.484796513904797,3.068664519395826,BACKTEST_INIT
824588,Chicago White Sox,Los Angeles Dodgers,0.5027223230490018,0.4972776769509982,0.005444646098003547,3.8465999876216395,4.060022493025676,BACKTEST_INIT
824589,Chicago White Sox,Atlanta Braves,0.5385996409335727,0.4614003590664273,0.07719928186714542,3.8472878460882747,2.3468874187053017,BACKTEST_INIT
824590,Chicago White Sox,Atlanta Braves,0.5,0.5,0.0,5.377868294124288,6.2562937888452765,BACKTEST_INIT
824591,Chicago White Sox,Atlanta Braves,0.49586776859504134,0.5041322314049587,0.008264462809917328,3.720901224171528,7.052238683682361,BACKTEST_INIT
824592,Chicago White Sox,Detroit Tigers,0.5795950840375875,0.4204049159624125,0.15919016807517505,6.0582825975059595,1.9881702379427548,BACKTEST_INIT
824593,Chicago White Sox,Detroit Tigers,0.5750000000000001,0.42499999999999993,0.15000000000000013,5.012499757498249,2.551861099585597,BACKTEST_INIT
824594,Chicago White Sox,Detroit Tigers,0.5750000000000001,0.42499999999999993,0.15000000000000013,5.667220905103875,2.2600791310007096,BACKTEST_INIT
824595,Chicago White Sox,Minnesota Twins,0.6666666666666666,0.33333333333333337,0.33333333333333326,9.943385367267028,2.834526743012124,BACKTEST_INIT
824596,Chicago White Sox,Minnesota Twins,0.4806201550387597,0.5193798449612403,0.038759689922480633,3.241481274058085,3.616485555881916,BACKTEST_INIT
824597,Chicago White Sox,Minnesota Twins,0.5751295336787565,0.4248704663212435,0.15025906735751304,3.0806348824847136,1.6378667230702169,BACKTEST_INIT
824598,Chicago White Sox,Minnesota Twins,0.49230769230769234,0.5076923076923077,0.01538461538461533,3.2228398984383295,6.931402980843574,BACKTEST_INIT
824599,Chicago White Sox,Chicago Cubs,0.6666666666666666,0.33333333333333337,0.33333333333333326,7.078782975858106,1.3565115398362386,BACKTEST_INIT
824600,Chicago White Sox,Chicago Cubs,0.3333333333333333,0.6666666666666667,0.3333333333333334,3.781591721348578,11.05832519715958,BACKTEST_INIT
824601,Chicago White Sox,Chicago Cubs,0.5510204081632653,0.44897959183673475,0.1020408163265305,2.15846049933707,1.7582379159544055,BACKTEST_INIT
824602,Chicago White Sox,Kansas City Royals,0.572972972972973,0.427027027027027,0.145945945945946,5.652654721643003,4.209070133997459,BACKTEST_INIT
824603,Chicago White Sox,Kansas City Royals,0.5683060109289617,0.4316939890710383,0.13661202185792343,5.691933772739996,3.8455782597060058,BACKTEST_INIT
824604,Chicago White Sox,Kansas City Royals,0.565934065934066,0.43406593406593397,0.13186813186813207,5.015942489673966,2.2565403240999675,BACKTEST_INIT
824605,Chicago White Sox,Seattle Mariners,0.6666666666666666,0.33333333333333337,0.33333333333333326,6.159421420860292,1.0960772670150853,BACKTEST_INIT
824606,Chicago White Sox,Seattle Mariners,0.5367647058823529,0.4632352941176471,0.07352941176470584,8.933388076398426,8.7645112801465,BACKTEST_INIT
824607,Chicago White Sox,Seattle Mariners,0.5,0.5,0.0,1.4583467760381859,4.375943472775731,BACKTEST_INIT
824608,Chicago White Sox,Los Angeles Angels,0.5621301775147929,0.4378698224852071,0.12426035502958577,5.5965098065769,3.1549981929769326,BACKTEST_INIT
824609,Chicago White Sox,Los Angeles Angels,0.5612648221343873,0.43873517786561267,0.12252964426877466,3.8684877139470872,4.039630038286586,BACKTEST_INIT
824610,Chicago White Sox,Los Angeles Angels,0.5621301775147929,0.4378698224852071,0.12426035502958577,6.154560943494906,5.179616723193344,BACKTEST_INIT
824611,Chicago White Sox,Washington Nationals,0.6000173265182361,0.39998267348176386,0.20003465303647228,5.890943504499417,1.8905306085045508,BACKTEST_INIT
824612,Chicago White Sox,Washington Nationals,0.5,0.5,0.0,3.985130363329594,4.92989347744279,BACKTEST_INIT
824613,Chicago White Sox,Washington Nationals,0.5622317596566523,0.4377682403433477,0.12446351931330457,5.452839898597833,2.728434502505869,BACKTEST_INIT
824614,Chicago White Sox,Tampa Bay Rays,0.4883720930232558,0.5116279069767442,0.023255813953488413,4.102689062304748,7.786706750716719,BACKTEST_INIT
824615,Chicago White Sox,Tampa Bay Rays,0.4878048780487805,0.5121951219512195,0.024390243902439046,4.612371181221854,7.087651874757771,BACKTEST_INIT
824616,Chicago White Sox,Tampa Bay Rays,0.6025641025641025,0.39743589743589747,0.20512820512820507,4.728658827237218,4.807603254840635,BACKTEST_INIT
824617,Chicago White Sox,Baltimore Orioles,0.4523809523809524,0.5476190476190477,0.09523809523809529,2.356244868307841,3.435964886634064,BACKTEST_INIT
824618,Chicago White Sox,Baltimore Orioles,0.42857142857142855,0.5714285714285714,0.14285714285714285,2.4682242897163733,3.168217949874688,BACKTEST_INIT
824619,Chicago White Sox,Baltimore Orioles,0.6057692307692307,0.3942307692307693,0.21153846153846145,4.3549295133313555,3.8323001619912898,BACKTEST_INIT
824620,Chicago White Sox,Toronto Blue Jays,0.6063829787234043,0.3936170212765957,0.2127659574468086,4.831806880374063,2.7282423181041535,BACKTEST_INIT
824621,Chicago White Sox,Toronto Blue Jays,0.5,0.5,0.0,1.234820465504647,1.807152367874934,BACKTEST_INIT
824622,Chicago White Sox,Toronto Blue Jays,0.625,0.375,0.25,3.1535311965920174,2.64443732843091,BACKTEST_INIT
824632,Chicago Cubs,Milwaukee Brewers,0.4682511388393743,0.5317488611606257,0.06349772232125139,4.11167981899021,9.288220463058293,BACKTEST_INIT
824633,Chicago Cubs,Milwaukee Brewers,0.6350650225726031,0.3649349774273969,0.2701300451452062,9.561432625893191,3.6117554320519254,BACKTEST_INIT
824634,Chicago Cubs,Milwaukee Brewers,0.3333333333333333,0.6666666666666667,0.3333333333333334,3.4271076015316186,9.94732655047834,BACKTEST_INIT
824635,Chicago Cubs,Milwaukee Brewers,0.5068493150684932,0.4931506849315068,0.013698630136986356,4.923685187445458,5.384635616040324,BACKTEST_INIT
824636,Chicago Cubs,Cincinnati Reds,0.5555555555555556,0.4444444444444444,0.11111111111111116,10.67835473368142,5.097246068486027,BACKTEST_INIT
824637,Chicago Cubs,Cincinnati Reds,0.5160142348754448,0.48398576512455516,0.03202846975088969,7.588463771505375,8.571895739003908,BACKTEST_INIT
824638,Chicago Cubs,Cincinnati Reds,0.5555555555555556,0.4444444444444444,0.11111111111111116,6.85062220366771,4.637684792484084,BACKTEST_INIT
824639,Chicago Cubs,Chicago White Sox,0.5379061371841155,0.4620938628158845,0.07581227436823101,6.281141875366815,5.223457873566369,BACKTEST_INIT
824640,Chicago Cubs,Chicago White Sox,0.5387387387387388,0.4612612612612612,0.07747747747747757,4.412283214558055,3.7073931911333107,BACKTEST_INIT
824641,Chicago Cubs,Chicago White Sox,0.49019607843137253,0.5098039215686274,0.019607843137254888,5.413653764968293,8.402645048853028,BACKTEST_INIT
824642,Chicago Cubs,St. Louis Cardinals,0.3333333333333333,0.6666666666666667,0.3333333333333334,2.8733637784722585,8.849951025321353,BACKTEST_INIT
824643,Chicago Cubs,St. Louis Cardinals,0.3333333333333333,0.6666666666666667,0.3333333333333334,1.3493984318235253,5.262257156532261,BACKTEST_INIT
824644,Chicago Cubs,St. Louis Cardinals,0.5408653846153846,0.4591346153846154,0.08173076923076916,1.9933827175075467,1.405537884703928,BACKTEST_INIT
824645,Chicago Cubs,Los Angeles Dodgers,0.5555555555555556,0.4444444444444444,0.11111111111111116,9.078153447904853,5.029716902715224,BACKTEST_INIT
824646,Chicago Cubs,Los Angeles Dodgers,0.5555555555555556,0.4444444444444444,0.11111111111111116,4.513030452607262,1.933716438232552,BACKTEST_INIT
824647,Chicago Cubs,Los Angeles Dodgers,0.4975728155339806,0.5024271844660194,0.004854368932038833,4.435292688391897,5.055130744503573,BACKTEST_INIT
824648,Chicago Cubs,New York Yankees,0.5445859872611465,0.4554140127388535,0.08917197452229297,3.3958331516671607,2.557831998140162,BACKTEST_INIT
824649,Chicago Cubs,New York Yankees,0.5,0.5,0.0,1.6231180297626282,2.778941141575068,BACKTEST_INIT
824650,Chicago Cubs,Detroit Tigers,0.6666666666666666,0.33333333333333337,0.33333333333333326,9.09950564789214,1.4869714626190056,BACKTEST_INIT
824651,Chicago Cubs,New York Yankees,0.5,0.5,0.0,2.765509445789885,3.1859384852539043,BACKTEST_INIT
824652,Chicago Cubs,Detroit Tigers,0.49627791563275436,0.5037220843672456,0.007444168734491274,5.471629136403595,8.302016509994925,BACKTEST_INIT
824653,Chicago Cubs,Minnesota Twins,0.5577689243027888,0.4422310756972112,0.11553784860557759,4.705784584412392,2.7281393977543833,BACKTEST_INIT
824654,Chicago Cubs,Detroit Tigers,0.5522793926569403,0.44772060734305974,0.10455878531388052,4.310405851366861,2.4640673464096703,BACKTEST_INIT
824655,Chicago Cubs,Minnesota Twins,0.4930232558139535,0.5069767441860464,0.013953488372092926,4.054358647659198,4.14032428342388,BACKTEST_INIT
824656,Chicago Cubs,St. Louis Cardinals,0.49019607843137253,0.5098039215686274,0.019607843137254888,1.457820394092293,2.6384208310687822,BACKTEST_INIT
824657,Chicago Cubs,Minnesota Twins,0.4853801169590643,0.5146198830409356,0.029239766081871343,3.093443889199924,4.577121746217892,BACKTEST_INIT
824658,Chicago Cubs,St. Louis Cardinals,0.3333333333333333,0.6666666666666667,0.3333333333333334,1.6975295253202924,8.713739304701011,BACKTEST_INIT
824659,Chicago Cubs,St. Louis Cardinals,0.5531914893617021,0.44680851063829785,0.1063829787234043,7.385866600780744,6.486574672859035,BACKTEST_INIT
824660,Chicago Cubs,San Diego Padres,0.5627705627705628,0.4372294372294372,0.12554112554112562,9.859132216338288,5.690349190181797,BACKTEST_INIT
824661,Chicago Cubs,San Diego Padres,0.5627705627705628,0.4372294372294372,0.12554112554112562,3.30118139746176,2.3032970724755746,BACKTEST_INIT
824662,Chicago Cubs,San Diego Padres,0.5627705627705628,0.4372294372294372,0.12554112554112562,3.3352910435608516,2.334509294349014,BACKTEST_INIT
824663,Chicago Cubs,Toronto Blue Jays,0.5644444444444444,0.4355555555555556,0.12888888888888883,3.3236159439152475,2.4706064112385886,BACKTEST_INIT
824664,Chicago Cubs,Toronto Blue Jays,0.5487012987012987,0.4512987012987013,0.09740259740259738,4.408962187555834,3.1032939032907416,BACKTEST_INIT
824665,Chicago Cubs,Toronto Blue Jays,0.6666666666666666,0.33333333333333337,0.33333333333333326,10.003815859867672,2.2527225543239977,BACKTEST_INIT
824666,Chicago Cubs,Colorado Rockies,0.510593220338983,0.489406779661017,0.021186440677966045,4.397208826560253,4.790564421483418,BACKTEST_INIT
824667,Chicago Cubs,Colorado Rockies,0.5214723926380368,0.4785276073619632,0.042944785276073594,4.4386626055377905,4.315637176142612,BACKTEST_INIT
824668,Chicago Cubs,Colorado Rockies,0.5126582278481013,0.48734177215189867,0.025316455696202667,4.009628337668046,4.8542039649138236,BACKTEST_INIT
824669,Chicago Cubs,San Francisco Giants,0.3333333333333333,0.6666666666666667,0.3333333333333334,3.430418316629515,9.671453790341264,BACKTEST_INIT
824670,Chicago Cubs,San Francisco Giants,0.569377990430622,0.430622009569378,0.13875598086124397,3.0611267814502603,1.1677080820355792,BACKTEST_INIT
824671,Chicago Cubs,Athletics,0.4947916666666667,0.5052083333333333,0.010416666666666574,1.9138012627725312,3.0236019364615867,BACKTEST_INIT
824672,Chicago Cubs,Athletics,0.4949238578680203,0.5050761421319797,0.010152284263959421,2.78384032462415,3.8909789151265786,BACKTEST_INIT
824673,Chicago Cubs,San Francisco Giants,0.5700483091787439,0.42995169082125606,0.14009661835748788,7.36306267964339,5.939321777090962,BACKTEST_INIT
824674,Chicago Cubs,Houston Astros,0.4967532467532468,0.5032467532467533,0.006493506493506496,3.067567847722338,3.2555172904247245,BACKTEST_INIT
824675,Chicago Cubs,Athletics,0.5765765765765766,0.42342342342342343,0.15315315315315314,7.308453289904777,5.745600589223237,BACKTEST_INIT
824676,Chicago Cubs,Houston Astros,0.49842271293375395,0.501577287066246,0.003154574132492094,1.6992244867310595,3.1323343862511024,BACKTEST_INIT
824677,Chicago Cubs,Milwaukee Brewers,0.5,0.5,0.0,3.4952380697458088,7.869596392401091,BACKTEST_INIT
824678,Chicago Cubs,Milwaukee Brewers,0.5089605734767025,0.49103942652329746,0.017921146953405076,2.904898867553682,5.630175064315636,BACKTEST_INIT
824679,Chicago Cubs,Houston Astros,0.5706806282722513,0.4293193717277487,0.1413612565445026,4.088382216309976,2.7541315791723022,BACKTEST_INIT
824680,Chicago Cubs,Milwaukee Brewers,0.5128205128205128,0.4871794871794872,0.02564102564102555,4.533365353171722,7.520041578047528,BACKTEST_INIT
824681,Chicago Cubs,Cincinnati Reds,0.5617977528089888,0.4382022471910112,0.12359550561797761,6.252588514696878,4.53487570193989,BACKTEST_INIT
824682,Chicago Cubs,Cincinnati Reds,0.5636363636363636,0.4363636363636364,0.1272727272727272,4.020928031517477,2.446566048886644,BACKTEST_INIT
824683,Chicago Cubs,Cincinnati Reds,0.5624999999999999,0.4375000000000001,0.12499999999999978,3.5285951995804963,2.3003194186550777,BACKTEST_INIT
824684,Chicago Cubs,Cincinnati Reds,0.5592592592592592,0.44074074074074077,0.11851851851851847,3.0372382807988174,1.5240919275895062,BACKTEST_INIT
824685,Chicago Cubs,Arizona Diamondbacks,0.5521472392638037,0.4478527607361963,0.10429447852760743,6.13400044154266,4.447041079445126,BACKTEST_INIT
824686,Chicago Cubs,Arizona Diamondbacks,0.5559322033898305,0.4440677966101695,0.11186440677966103,6.212797409881457,4.130995324122864,BACKTEST_INIT
824687,Chicago Cubs,Arizona Diamondbacks,0.5572519083969466,0.4427480916030534,0.11450381679389321,2.6362611103694005,1.6509756354755656,BACKTEST_INIT
824688,Chicago Cubs,Philadelphia Phillies,0.5794392523364486,0.42056074766355145,0.1588785046728971,6.470631918912751,2.784748058996403,BACKTEST_INIT
824689,Chicago Cubs,Philadelphia Phillies,0.5733944954128442,0.42660550458715585,0.1467889908256883,6.582484420448153,2.513682726383605,BACKTEST_INIT
824690,Chicago Cubs,Philadelphia Phillies,0.5857142857142857,0.41428571428571426,0.17142857142857149,4.1159599819680555,1.8275751589475169,BACKTEST_INIT
824691,Chicago Cubs,New York Mets,0.5081967213114754,0.4918032786885246,0.016393442622950838,2.2272706789193166,2.369359869293847,BACKTEST_INIT
824692,Chicago Cubs,Philadelphia Phillies,0.5931372549019608,0.4068627450980392,0.18627450980392157,3.351630094684647,2.0547116989080694,BACKTEST_INIT
824693,Chicago Cubs,New York Mets,0.6666666666666666,0.33333333333333337,0.33333333333333326,8.300707209699484,1.78099586501946,BACKTEST_INIT
824694,Chicago Cubs,New York Mets,0.6666666666666666,0.33333333333333337,0.33333333333333326,10.23577032497571,2.6267984087790666,BACKTEST_INIT
824695,Chicago Cubs,Pittsburgh Pirates,0.6030534351145038,0.3969465648854962,0.20610687022900764,6.3323362722365655,2.7101446071998527,BACKTEST_INIT
824696,Chicago Cubs,Pittsburgh Pirates,0.4444444444444444,0.5555555555555556,0.11111111111111116,1.9365750574574372,3.3086083787586187,BACKTEST_INIT
824697,Chicago Cubs,Pittsburgh Pirates,0.42105263157894735,0.5789473684210527,0.1578947368421053,1.2526245973105632,2.4444579195643388,BACKTEST_INIT
824698,Chicago Cubs,Los Angeles Angels,0.5,0.5,0.0,2.0126265609903697,2.622222992426316,BACKTEST_INIT
824699,Chicago Cubs,Los Angeles Angels,0.6428571428571429,0.3571428571428571,0.2857142857142858,5.506583221684732,3.1498532500043614,BACKTEST_INIT
824700,Chicago Cubs,Washington Nationals,0.99656,0.00344,0.99312,10.718589679927396,1.2755073308108233,BACKTEST_INIT
824701,Chicago Cubs,Washington Nationals,0.09916,0.90084,0.80168,4.43854974837331,9.812188647736232,BACKTEST_INIT
824702,Chicago Cubs,Los Angeles Angels,0.33156,0.66844,0.33688,3.7091991599522904,5.333483238525914,BACKTEST_INIT
824704,Chicago Cubs,Washington Nationals,0.5532,0.4468,0.10640000000000005,5.1455083550708896,4.710386363889668,BACKTEST_INIT
824715,Boston Red Sox,Los Angeles Angels,0.5311203319502075,0.46887966804979253,0.06224066390041494,2.0449682379371446,1.8743521571604478,BACKTEST_INIT
824716,Boston Red Sox,Seattle Mariners,0.5402750491159135,0.4597249508840865,0.08055009823182702,7.881355169291146,5.983793548686924,BACKTEST_INIT
824717,Boston Red Sox,Seattle Mariners,0.5066225165562914,0.4933774834437086,0.013245033112582849,6.579548321991814,7.160967789282824,BACKTEST_INIT
824718,Boston Red Sox,San Francisco Giants,0.5386243386243387,0.46137566137566133,0.07724867724867734,5.63079006146988,4.275010063628299,BACKTEST_INIT
824719,Boston Red Sox,Seattle Mariners,0.5395256916996047,0.46047430830039526,0.07905138339920947,3.661530624581105,2.7799056274453644,BACKTEST_INIT
824720,Boston Red Sox,San Francisco Giants,0.5402298850574713,0.45977011494252873,0.08045977011494254,4.001952977702381,3.11762671138452,BACKTEST_INIT
824721,Boston Red Sox,San Francisco Giants,0.5385996409335727,0.4614003590664273,0.07719928186714542,5.2135544826187115,4.284853353966182,BACKTEST_INIT
824722,Boston Red Sox,Arizona Diamondbacks,0.6666666666666666,0.33333333333333337,0.33333333333333326,8.92921061024133,2.828968607057001,BACKTEST_INIT
824723,Boston Red Sox,Arizona Diamondbacks,0.6666666666666666,0.33333333333333337,0.33333333333333326,9.687542955753141,2.34186401433131,BACKTEST_INIT
824724,Boston Red Sox,Athletics,0.3333333333333333,0.6666666666666667,0.3333333333333334,1.327103431563938,5.558058583927869,BACKTEST_INIT
824725,Boston Red Sox,Arizona Diamondbacks,0.495575221238938,0.5044247787610621,0.008849557522124074,4.250788384105217,4.786789538836204,BACKTEST_INIT
824726,Boston Red Sox,Athletics,0.6666666666666666,0.33333333333333337,0.33333333333333326,10.830840290520626,2.6781886192023103,BACKTEST_INIT
824727,Boston Red Sox,Athletics,0.5555555555555556,0.4444444444444444,0.11111111111111116,7.641058062513711,4.479980617570488,BACKTEST_INIT
824728,Boston Red Sox,Chicago White Sox,0.6666666666666666,0.33333333333333337,0.33333333333333326,9.456548812158912,2.933555646825117,BACKTEST_INIT
824729,Boston Red Sox,Chicago White Sox,0.5487012987012987,0.4512987012987013,0.09740259740259738,3.2343458616894027,2.4148291212208175,BACKTEST_INIT
824730,Boston Red Sox,Toronto Blue Jays,0.4962962962962963,0.5037037037037038,0.007407407407407474,1.8172330079677996,4.717217908241599,BACKTEST_INIT
824731,Boston Red Sox,Chicago White Sox,0.49878934624697335,0.5012106537530266,0.002421307506053294,3.8309430288781248,4.096035376704626,BACKTEST_INIT
824732,Boston Red Sox,Baltimore Orioles,0.5510204081632653,0.44897959183673475,0.1020408163265305,2.0567887662437085,1.6037359383441228,BACKTEST_INIT
824733,Boston Red Sox,Toronto Blue Jays,0.5472972972972973,0.45270270270270274,0.09459459459459452,3.654399509771882,2.2207841438114095,BACKTEST_INIT
824734,Boston Red Sox,Toronto Blue Jays,0.5555555555555556,0.4444444444444444,0.11111111111111116,4.9742232311311305,2.837698377469605,BACKTEST_INIT
824735,Boston Red Sox,Baltimore Orioles,0.5510204081632653,0.44897959183673475,0.1020408163265305,2.2036434841535097,1.7182426843418932,BACKTEST_INIT
824736,Boston Red Sox,Baltimore Orioles,0.49617151607963245,0.5038284839203675,0.007656967840735052,2.7530573633338493,2.6668025465056435,BACKTEST_INIT
824737,Boston Red Sox,Tampa Bay Rays,0.6666666666666666,0.33333333333333337,0.33333333333333326,6.983531371164355,1.430480018276937,BACKTEST_INIT
824738,Boston Red Sox,Tampa Bay Rays,0.6666666666666666,0.33333333333333337,0.33333333333333326,6.894597210372397,1.668448569455024,BACKTEST_INIT
824739,Boston Red Sox,Tampa Bay Rays,0.5577689243027888,0.4422310756972112,0.11553784860557759,7.310810641206439,4.7697842911693,BACKTEST_INIT
824740,Boston Red Sox,Washington Nationals,0.3333333333333333,0.6666666666666667,0.3333333333333334,2.055624783685639,7.8200706637736195,BACKTEST_INIT
824741,Boston Red Sox,Washington Nationals,0.5056603773584906,0.49433962264150944,0.01132075471698113,4.600274513178661,4.729103688061805,BACKTEST_INIT
824742,Boston Red Sox,Washington Nationals,0.5627705627705628,0.4372294372294372,0.12554112554112562,5.414056716177601,3.999745427770522,BACKTEST_INIT
824743,Boston Red Sox,New York Yankees,0.5633187772925764,0.4366812227074236,0.1266375545851528,4.667680768025948,3.6003634945831893,BACKTEST_INIT
824744,Boston Red Sox,New York Yankees,0.5627705627705628,0.4372294372294372,0.12554112554112562,4.705314536167867,2.0351902533525204,BACKTEST_INIT
824745,Boston Red Sox,New York Yankees,0.5633187772925764,0.4366812227074236,0.1266375545851528,5.409483783612121,2.4038434221799396,BACKTEST_INIT
824746,Boston Red Sox,Toronto Blue Jays,0.5083055339761459,0.49169446602385414,0.016611067952291725,1.950267421418766,4.77434086267891,BACKTEST_INIT
824747,Boston Red Sox,New York Yankees,0.5,0.5,0.0,2.6155936734796748,3.919054529657055,BACKTEST_INIT
824748,Boston Red Sox,Toronto Blue Jays,0.5103448275862069,0.4896551724137931,0.020689655172413834,1.6086952439059816,3.9421220360264915,BACKTEST_INIT
824749,Boston Red Sox,Texas Rangers,0.6666666666666666,0.33333333333333337,0.33333333333333326,9.859214738644672,1.6529566574961574,BACKTEST_INIT
824750,Boston Red Sox,Toronto Blue Jays,0.5714285714285714,0.4285714285714286,0.1428571428571428,5.712615490214843,2.8987740803776854,BACKTEST_INIT
824751,Boston Red Sox,Texas Rangers,0.5725806451612904,0.42741935483870963,0.14516129032258074,5.808972874363817,2.026031872894093,BACKTEST_INIT
824752,Boston Red Sox,Texas Rangers,0.5,0.5,0.0,2.663121535710463,7.061273455317235,BACKTEST_INIT
824753,Boston Red Sox,Baltimore Orioles,0.6666666666666666,0.33333333333333337,0.33333333333333326,8.180109541163459,2.363134712015686,BACKTEST_INIT
824754,Boston Red Sox,Baltimore Orioles,0.504950495049505,0.49504950495049505,0.00990099009900991,7.363967418806212,7.112196438943612,BACKTEST_INIT
824755,Boston Red Sox,Baltimore Orioles,0.4947916666666667,0.5052083333333333,0.010416666666666574,2.2442894453273414,4.956230901351182,BACKTEST_INIT
824756,Boston Red Sox,Atlanta Braves,0.4806201550387597,0.5193798449612403,0.038759689922480633,5.317243988550804,6.334116293552087,BACKTEST_INIT
824757,Boston Red Sox,Atlanta Braves,0.6666666666666666,0.33333333333333337,0.33333333333333326,6.932209387904205,1.4286727360492617,BACKTEST_INIT
824758,Boston Red Sox,Atlanta Braves,0.4864864864864865,0.5135135135135135,0.027027027027026973,4.164082835595849,4.1036298306011805,BACKTEST_INIT
824759,Boston Red Sox,Minnesota Twins,0.49842271293375395,0.501577287066246,0.003154574132492094,3.0757475047420133,4.680077653347858,BACKTEST_INIT
824760,Boston Red Sox,Minnesota Twins,0.4967532467532468,0.5032467532467533,0.006493506493506496,4.701903296491617,7.413850871035903,BACKTEST_INIT
824761,Boston Red Sox,Minnesota Twins,0.4983277591973244,0.5016722408026756,0.0033444816053511683,2.878853405573407,3.0994308195730076,BACKTEST_INIT
824762,Boston Red Sox,Philadelphia Phillies,0.5508021390374331,0.44919786096256686,0.10160427807486627,2.306006242749065,2.165471948017726,BACKTEST_INIT
824763,Boston Red Sox,Philadelphia Phillies,0.5079365079365079,0.4920634920634921,0.015873015873015817,2.0996331485414954,3.0308336493189154,BACKTEST_INIT
824764,Boston Red Sox,Philadelphia Phillies,0.5106382978723404,0.4893617021276596,0.02127659574468077,2.5761273254929256,3.595264326297592,BACKTEST_INIT
824765,Boston Red Sox,Tampa Bay Rays,0.564245810055866,0.43575418994413395,0.1284916201117321,1.8933103046855286,1.1342111230847838,BACKTEST_INIT
824766,Boston Red Sox,Tampa Bay Rays,0.6666666666666666,0.33333333333333337,0.33333333333333326,7.188847193476587,1.4725361308142793,BACKTEST_INIT
824767,Boston Red Sox,Tampa Bay Rays,0.5423728813559322,0.4576271186440678,0.0847457627118644,2.1271799476529427,1.697847717578494,BACKTEST_INIT
824768,Boston Red Sox,Tampa Bay Rays,0.3333333333333333,0.6666666666666667,0.3333333333333334,2.769869429441888,7.719485249920133,BACKTEST_INIT
824769,Boston Red Sox,Houston Astros,0.49999999999999994,0.5,5.551115123125783e-17,3.255717001603874,4.388928724156873,BACKTEST_INIT
824770,Boston Red Sox,New York Yankees,0.47058823529411764,0.5294117647058824,0.05882352941176472,2.2406112461273375,4.722589776115218,BACKTEST_INIT
824771,Boston Red Sox,Houston Astros,0.5555555555555556,0.4444444444444444,0.11111111111111116,3.288277003865071,1.52718680812141,BACKTEST_INIT
824772,Boston Red Sox,Houston Astros,0.49999999999999994,0.5,5.551115123125783e-17,3.5025460844780145,7.033304499892697,BACKTEST_INIT
824773,Boston Red Sox,New York Yankees,0.46938775510204084,0.5306122448979591,0.06122448979591827,3.7195251783529484,6.083145027483672,BACKTEST_INIT
824774,Boston Red Sox,New York Yankees,0.47058823529411764,0.5294117647058824,0.05882352941176472,2.1743164507143713,4.515510525647576,BACKTEST_INIT
824775,Boston Red Sox,Detroit Tigers,0.5894736842105264,0.41052631578947363,0.17894736842105274,1.1010951956720796,1.1275992456650845,BACKTEST_INIT
824776,Boston Red Sox,Detroit Tigers,0.46938775510204084,0.5306122448979591,0.06122448979591827,1.224977027299928,4.332745792958634,BACKTEST_INIT
824777,Boston Red Sox,Detroit Tigers,0.46938775510204084,0.5306122448979591,0.06122448979591827,1.096056765213734,2.1408488379921256,BACKTEST_INIT
824778,Boston Red Sox,Detroit Tigers,0.5989010989010988,0.40109890109890123,0.19780219780219754,8.887755777497905,6.796116422771849,BACKTEST_INIT
824779,Boston Red Sox,Milwaukee Brewers,0.5966386554621849,0.40336134453781514,0.19327731092436973,4.491842424525548,2.5973286204583763,BACKTEST_INIT
824780,Boston Red Sox,Milwaukee Brewers,0.42857142857142855,0.5714285714285714,0.14285714285714285,5.125268086555037,7.5321344627809665,BACKTEST_INIT
824781,Boston Red Sox,San Diego Padres,0.4782608695652174,0.5217391304347826,0.04347826086956519,2.672875611376857,2.9866672022154352,BACKTEST_INIT
824782,Boston Red Sox,San Diego Padres,0.625,0.375,0.25,3.1521635050481307,3.1261956194494016,BACKTEST_INIT
824783,Boston Red Sox,Milwaukee Brewers,0.41379310344827586,0.5862068965517242,0.17241379310344834,5.50073814016835,8.65556037975442,BACKTEST_INIT
824786,Boston Red Sox,San Diego Padres,0.3333333333333333,0.6666666666666667,0.3333333333333334,1.3752138428154899,5.26515921085237,BACKTEST_INIT
824793,Baltimore Orioles,Cleveland Guardians,0.48214285714285715,0.5178571428571428,0.03571428571428564,1.5969070297742456,2.6577401588239935,BACKTEST_INIT
824794,Baltimore Orioles,Boston Red Sox,0.48214285714285715,0.5178571428571428,0.03571428571428564,1.4553523512801252,3.5804953095452774,BACKTEST_INIT
824795,Baltimore Orioles,Boston Red Sox,0.4864864864864865,0.5135135135135135,0.027027027027026973,1.7394615556035573,2.3187603962374186,BACKTEST_INIT
824796,Baltimore Orioles,Boston Red Sox,0.5371980676328503,0.4628019323671497,0.07439613526570055,6.213650005400628,4.574330972429989,BACKTEST_INIT
824797,Baltimore Orioles,Boston Red Sox,0.5376344086021505,0.4623655913978495,0.07526881720430101,5.448349553924107,5.105463008131156,BACKTEST_INIT
824798,Baltimore Orioles,Tampa Bay Rays,0.5386243386243387,0.46137566137566133,0.07724867724867734,4.7922587419347,3.591406558458343,BACKTEST_INIT
824799,Baltimore Orioles,Tampa Bay Rays,0.5402298850574713,0.45977011494252873,0.08045977011494254,3.9347266478007477,3.231935527679618,BACKTEST_INIT
824800,Baltimore Orioles,Tampa Bay Rays,0.5385996409335727,0.4614003590664273,0.07719928186714542,4.475578286379653,3.759710757386957,BACKTEST_INIT
824801,Baltimore Orioles,New York Yankees,0.49038461538461536,0.5096153846153846,0.019230769230769218,2.435690581683229,3.128807277860001,BACKTEST_INIT
824802,Baltimore Orioles,New York Yankees,0.49038461538461536,0.5096153846153846,0.019230769230769218,2.5707100388574604,4.020306343518427,BACKTEST_INIT
824803,Baltimore Orioles,New York Yankees,0.5379061371841155,0.4620938628158845,0.07581227436823101,4.240094443674082,3.172481758594915,BACKTEST_INIT
824804,Baltimore Orioles,Los Angeles Angels,0.5487012987012987,0.4512987012987013,0.09740259740259738,3.498094384190406,2.6220651049692885,BACKTEST_INIT
824805,Baltimore Orioles,Los Angeles Angels,0.49878934624697335,0.5012106537530266,0.002421307506053294,1.7985918403180423,3.157705935139006,BACKTEST_INIT
824806,Baltimore Orioles,Los Angeles Angels,0.4975845410628019,0.5024154589371981,0.004830917874396157,2.1179683354969168,2.751525396534096,BACKTEST_INIT
824807,Baltimore Orioles,Philadelphia Phillies,0.3333333333333333,0.6666666666666667,0.3333333333333334,1.2034248871255526,4.977445000598026,BACKTEST_INIT
824808,Baltimore Orioles,Philadelphia Phillies,0.5431309904153354,0.4568690095846646,0.08626198083067083,6.456580761649846,4.782330670594432,BACKTEST_INIT
824809,Baltimore Orioles,Philadelphia Phillies,0.5431309904153354,0.4568690095846646,0.08626198083067083,9.010722554653423,6.7276501774030155,BACKTEST_INIT
824810,Baltimore Orioles,Atlanta Braves,0.5488215488215488,0.45117845117845123,0.09764309764309753,4.033919552248583,2.8612861304486255,BACKTEST_INIT
824811,Baltimore Orioles,Atlanta Braves,0.4962962962962963,0.5037037037037038,0.007407407407407474,5.164109864142262,5.8861655056932065,BACKTEST_INIT
824812,Baltimore Orioles,Atlanta Braves,0.4962962962962963,0.5037037037037038,0.007407407407407474,4.604162709144703,4.932324085780409,BACKTEST_INIT
824813,Baltimore Orioles,Kansas City Royals,0.5555555555555556,0.4444444444444444,0.11111111111111116,4.809481848153148,1.9350378021670251,BACKTEST_INIT
824814,Baltimore Orioles,Kansas City Royals,0.5555555555555556,0.4444444444444444,0.11111111111111116,5.07868754061824,1.6083323630004482,BACKTEST_INIT
824815,Baltimore Orioles,Chicago Cubs,0.4873417721518987,0.5126582278481013,0.02531645569620261,2.229978033024588,4.256989137061893,BACKTEST_INIT
824816,Baltimore Orioles,Chicago Cubs,0.4876543209876543,0.5123456790123457,0.024691358024691412,6.321665913753465,9.255730360612425,BACKTEST_INIT
824817,Baltimore Orioles,Kansas City Royals,0.5573770491803278,0.4426229508196722,0.11475409836065564,4.765856729663226,1.5130918202315229,BACKTEST_INIT
824818,Baltimore Orioles,Chicago White Sox,0.3333333333333333,0.6666666666666667,0.3333333333333334,2.8784392483173593,8.029640375727336,BACKTEST_INIT
824819,Baltimore Orioles,Chicago White Sox,0.3333333333333333,0.6666666666666667,0.3333333333333334,2.9707994678897083,8.017073032643525,BACKTEST_INIT
824820,Baltimore Orioles,Chicago Cubs,0.4840764331210191,0.5159235668789809,0.031847133757961776,2.2074177399287156,3.3684122005603774,BACKTEST_INIT
824821,Baltimore Orioles,Washington Nationals,0.5066921606118547,0.49330783938814526,0.013384321223709472,3.110196199125244,2.9294385717159863,BACKTEST_INIT
824822,Baltimore Orioles,Chicago White Sox,0.5056603773584906,0.49433962264150944,0.01132075471698113,3.397925259085761,3.1590296856297764,BACKTEST_INIT
824823,Baltimore Orioles,San Diego Padres,0.3333333333333333,0.6666666666666667,0.3333333333333334,3.6146049014983994,8.726872803340907,BACKTEST_INIT
824824,Baltimore Orioles,Washington Nationals,0.5633187772925764,0.4366812227074236,0.1266375545851528,7.695998572589543,4.535912674169635,BACKTEST_INIT
824825,Baltimore Orioles,Washington Nationals,0.5633187772925764,0.4366812227074236,0.1266375545851528,3.139582613009731,2.2202612189907978,BACKTEST_INIT
824826,Baltimore Orioles,San Diego Padres,0.5674418604651162,0.43255813953488376,0.1348837209302325,6.219775931588304,3.3652949459374772,BACKTEST_INIT
824827,Baltimore Orioles,Seattle Mariners,0.5654205607476634,0.43457943925233655,0.1308411214953269,6.040618559082418,3.1590600496931622,BACKTEST_INIT
824828,Baltimore Orioles,San Diego Padres,0.5694444444444444,0.4305555555555556,0.13888888888888884,6.45162038644637,3.2117364536512865,BACKTEST_INIT
824829,Baltimore Orioles,Seattle Mariners,0.5024630541871922,0.49753694581280783,0.0049261083743843415,3.3539625911818574,3.6364443889415763,BACKTEST_INIT
824830,Baltimore Orioles,Seattle Mariners,0.49586776859504134,0.5041322314049587,0.008264462809917328,3.0840960089521645,4.642663205661037,BACKTEST_INIT
824831,Baltimore Orioles,Seattle Mariners,0.5,0.5,0.0,4.076998440255648,5.436962417593703,BACKTEST_INIT
824832,Baltimore Orioles,Toronto Blue Jays,0.49230769230769234,0.5076923076923077,0.01538461538461533,4.58279994075719,4.648327619315824,BACKTEST_INIT
824833,Baltimore Orioles,Toronto Blue Jays,0.4861878453038674,0.5138121546961326,0.027624309392265234,3.9096747730333687,4.631331835380361,BACKTEST_INIT
824834,Baltimore Orioles,Toronto Blue Jays,0.5421052631578948,0.45789473684210524,0.08421052631578951,3.237865396417026,2.650550407106035,BACKTEST_INIT
824835,Baltimore Orioles,Toronto Blue Jays,0.5104166666666666,0.48958333333333337,0.02083333333333326,2.815157956347279,2.389045324587349,BACKTEST_INIT
824836,Baltimore Orioles,Tampa Bay Rays,0.6303626733530868,0.3696373266469132,0.26072534670617364,6.7188812993512546,2.070998461571205,BACKTEST_INIT
824837,Baltimore Orioles,Tampa Bay Rays,0.5751295336787565,0.4248704663212435,0.15025906735751304,8.570071645927914,6.33962493338611,BACKTEST_INIT
824838,Baltimore Orioles,Tampa Bay Rays,0.49230769230769234,0.5076923076923077,0.01538461538461533,2.139016227887754,2.40045620270677,BACKTEST_INIT
824839,Baltimore Orioles,Detroit Tigers,0.49842271293375395,0.501577287066246,0.003154574132492094,1.3119488256808107,1.766032845913891,BACKTEST_INIT
824840,Baltimore Orioles,Detroit Tigers,0.49842271293375395,0.501577287066246,0.003154574132492094,1.3675392981506338,1.8408639661373751,BACKTEST_INIT
824841,Baltimore Orioles,New York Yankees,0.5079365079365079,0.4920634920634921,0.015873015873015817,2.9090279754938693,5.073811570206704,BACKTEST_INIT
824842,Baltimore Orioles,Detroit Tigers,0.5706806282722513,0.4293193717277487,0.1413612565445026,3.365002934209955,2.260688187013479,BACKTEST_INIT
824843,Baltimore Orioles,New York Yankees,0.5393939393939394,0.4606060606060606,0.07878787878787885,3.084750432350628,2.7817159447137105,BACKTEST_INIT
824844,Baltimore Orioles,New York Yankees,0.5106382978723404,0.4893617021276596,0.02127659574468077,3.332464188521753,3.620617538362998,BACKTEST_INIT
824845,Baltimore Orioles,Athletics,0.5080213903743316,0.4919786096256684,0.016042780748663166,2.5965724766756946,5.034444587525645,BACKTEST_INIT
824846,Baltimore Orioles,Athletics,0.3333333333333333,0.6666666666666667,0.3333333333333334,2.7924008910660927,8.74838505221811,BACKTEST_INIT
824847,Baltimore Orioles,Athletics,0.5027027027027027,0.4972972972972973,0.00540540540540535,2.842266764180236,3.852308490980149,BACKTEST_INIT
824848,Baltimore Orioles,Houston Astros,0.5555555555555556,0.4444444444444444,0.11111111111111116,1.7322081443459003,1.806702484495836,BACKTEST_INIT
824849,Baltimore Orioles,Houston Astros,0.5,0.5,0.0,2.393592747950878,5.9829717566601754,BACKTEST_INIT
824850,Baltimore Orioles,Houston Astros,0.5555555555555556,0.4444444444444444,0.11111111111111116,1.7322081443459003,1.806702484495836,BACKTEST_INIT
824851,Baltimore Orioles,Boston Red Sox,0.5622317596566523,0.4377682403433477,0.12446351931330457,8.285398944322655,3.544358312906012,BACKTEST_INIT
824852,Baltimore Orioles,Boston Red Sox,0.3333333333333333,0.6666666666666667,0.3333333333333334,1.0937713829214517,9.388403031275487,BACKTEST_INIT
824853,Baltimore Orioles,Arizona Diamondbacks,0.6025641025641025,0.39743589743589747,0.20512820512820507,7.740723755732053,6.197171440849868,BACKTEST_INIT
824854,Baltimore Orioles,Boston Red Sox,0.47058823529411764,0.5294117647058824,0.05882352941176472,4.248715558862659,6.885016900323812,BACKTEST_INIT
824855,Baltimore Orioles,Arizona Diamondbacks,0.4878048780487805,0.5121951219512195,0.024390243902439046,3.2427262778566153,4.872994812131473,BACKTEST_INIT
824856,Baltimore Orioles,Arizona Diamondbacks,0.6026490066225165,0.3973509933774835,0.20529801324503305,5.081833095756627,3.492430362856038,BACKTEST_INIT
824857,Baltimore Orioles,San Francisco Giants,0.45454545454545453,0.5454545454545454,0.09090909090909088,3.8609204780291506,5.163308418033964,BACKTEST_INIT
824858,Baltimore Orioles,San Francisco Giants,0.6030534351145038,0.3969465648854962,0.20610687022900764,3.792969050847258,3.016007762511924,BACKTEST_INIT
824859,Baltimore Orioles,San Francisco Giants,0.5972222222222222,0.4027777777777778,0.19444444444444442,4.679229067898109,2.9197578355660414,BACKTEST_INIT
824860,Baltimore Orioles,Texas Rangers,0.5,0.5,0.0,3.8946787449818396,7.179963824824895,BACKTEST_INIT
824861,Baltimore Orioles,Texas Rangers,0.5,0.5,0.0,2.943894321599953,5.745289895087249,BACKTEST_INIT
824862,Baltimore Orioles,Minnesota Twins,0.62134,0.37866,0.24268,3.213233052496225,2.4407544336698237,BACKTEST_INIT
824863,Baltimore Orioles,Texas Rangers,0.41658,0.58342,0.16684000000000004,5.9166630008019965,6.715535245348471,BACKTEST_INIT
824864,Baltimore Orioles,Minnesota Twins,0.39484,0.60516,0.21032,1.9473207159565575,2.6000162900379333,BACKTEST_INIT
824865,Baltimore Orioles,Minnesota Twins,0.50138,0.49862,0.00276000000000004,4.1886174263175215,4.192246778619727,BACKTEST_INIT
824874,Atlanta Braves,Colorado Rockies,0.5555555555555556,0.4444444444444444,0.11111111111111116,5.645852639891379,2.428066370682661,BACKTEST_INIT
824876,Atlanta Braves,Colorado Rockies,0.5398406374501992,0.46015936254980083,0.07968127490039834,2.7339832880911645,1.980284856159467,BACKTEST_INIT
824877,Atlanta Braves,Colorado Rockies,0.5631695977360017,0.4368304022639983,0.12633919547200345,4.18424897362774,1.156702460345862,BACKTEST_INIT
824878,Atlanta Braves,Los Angeles Dodgers,0.49528301886792453,0.5047169811320755,0.009433962264150997,2.289138481915121,3.0158193691071022,BACKTEST_INIT
824879,Atlanta Braves,Los Angeles Dodgers,0.5386178861788617,0.46138211382113825,0.0772357723577235,5.087392610246126,4.33680351915814,BACKTEST_INIT
824880,Atlanta Braves,Arizona Diamondbacks,0.3333333333333333,0.6666666666666667,0.3333333333333334,1.8292678824939976,8.176863729059912,BACKTEST_INIT
824881,Atlanta Braves,Los Angeles Dodgers,0.49047619047619045,0.5095238095238095,0.019047619047619035,1.4841413217135468,3.3883153907633385,BACKTEST_INIT
824882,Atlanta Braves,Arizona Diamondbacks,0.6666666666666666,0.33333333333333337,0.33333333333333326,6.630558411079678,1.6810398160460256,BACKTEST_INIT
824883,Atlanta Braves,New York Mets,0.5555555555555556,0.4444444444444444,0.11111111111111116,4.105507123409532,1.509878348919922,BACKTEST_INIT
824884,Atlanta Braves,Arizona Diamondbacks,0.4964705882352941,0.5035294117647059,0.007058823529411784,1.3674961755761261,1.5683554158228783,BACKTEST_INIT
824885,Atlanta Braves,Miami Marlins,0.5487012987012987,0.4512987012987013,0.09740259740259738,3.572962537649291,2.4175213680942687,BACKTEST_INIT
824886,Atlanta Braves,New York Mets,0.4976303317535545,0.5023696682464456,0.0047393364928911,4.199409298638706,6.231173132277888,BACKTEST_INIT
824887,Atlanta Braves,New York Mets,0.4976303317535545,0.5023696682464456,0.0047393364928911,3.246239761412976,4.0183425620710045,BACKTEST_INIT
824888,Atlanta Braves,Miami Marlins,0.49878934624697335,0.5012106537530266,0.002421307506053294,3.111342943949143,3.3817702549425763,BACKTEST_INIT
824889,Atlanta Braves,Miami Marlins,0.5472312703583062,0.4527687296416938,0.09446254071661242,3.361510300869851,2.7914558971702346,BACKTEST_INIT
824890,Atlanta Braves,Washington Nationals,0.5555555555555556,0.4444444444444444,0.11111111111111116,5.540323064062738,2.7537312536298364,BACKTEST_INIT
824891,Atlanta Braves,Washington Nationals,0.5802843474159424,0.41971565258405763,0.16056869483188474,7.498585236784047,2.8520767244824228,BACKTEST_INIT
824892,Atlanta Braves,Washington Nationals,0.5555555555555556,0.4444444444444444,0.11111111111111116,5.039588599274268,3.099296288253815,BACKTEST_INIT
824893,Atlanta Braves,San Diego Padres,0.4962962962962963,0.5037037037037038,0.007407407407407474,6.013122269533349,6.387870249029408,BACKTEST_INIT
824894,Atlanta Braves,Washington Nationals,0.5555555555555556,0.4444444444444444,0.11111111111111116,4.3854738541876275,2.111526227000422,BACKTEST_INIT
824895,Atlanta Braves,San Diego Padres,0.5513698630136986,0.4486301369863014,0.10273972602739723,4.333057193902244,3.3207615846335923,BACKTEST_INIT
824896,Atlanta Braves,San Diego Padres,0.4975247524752475,0.5024752475247525,0.004950495049504955,3.7595933641276162,7.407764761195298,BACKTEST_INIT
824897,Atlanta Braves,Texas Rangers,0.495575221238938,0.5044247787610621,0.008849557522124074,5.106233012228207,5.631654707242859,BACKTEST_INIT
824898,Atlanta Braves,San Diego Padres,0.49617151607963245,0.5038284839203675,0.007656967840735052,4.714296858245547,6.206659617574469,BACKTEST_INIT
824899,Atlanta Braves,Texas Rangers,0.6666666666666666,0.33333333333333337,0.33333333333333326,10.048853506806084,2.2884041037966636,BACKTEST_INIT
824900,Atlanta Braves,New York Mets,0.5033557046979866,0.49664429530201337,0.006711409395973256,9.374044671867148,8.867858123164561,BACKTEST_INIT
824901,Atlanta Braves,Texas Rangers,0.5546218487394958,0.4453781512605042,0.10924369747899165,4.322604182722607,3.4270416949846347,BACKTEST_INIT
824902,Atlanta Braves,New York Mets,0.6666666666666666,0.33333333333333337,0.33333333333333326,10.131975079119401,3.598714473364897,BACKTEST_INIT
824903,Atlanta Braves,New York Mets,0.5654008438818565,0.4345991561181435,0.13080168776371304,5.571098765582792,3.9108546356648306,BACKTEST_INIT
824904,Atlanta Braves,New York Mets,0.5659574468085107,0.4340425531914893,0.13191489361702136,6.513649714255047,5.532498015364519,BACKTEST_INIT
824905,Atlanta Braves,St. Louis Cardinals,0.4863013698630137,0.5136986301369864,0.027397260273972657,1.85567451191207,4.591904583969647,BACKTEST_INIT
824906,Atlanta Braves,St. Louis Cardinals,0.5622317596566524,0.4377682403433476,0.1244635193133048,3.5669997183565094,2.420362029253395,BACKTEST_INIT
824907,Atlanta Braves,St. Louis Cardinals,0.4930555555555556,0.5069444444444444,0.01388888888888884,1.3398610641998459,4.29898547408632,BACKTEST_INIT
824908,Atlanta Braves,Milwaukee Brewers,0.5614035087719298,0.4385964912280702,0.12280701754385959,2.8926047196824998,1.8907639807736971,BACKTEST_INIT
824909,Atlanta Braves,Milwaukee Brewers,0.5663716814159292,0.4336283185840708,0.1327433628318584,2.2205790912866505,1.4414275528500586,BACKTEST_INIT
824910,Atlanta Braves,Milwaukee Brewers,0.5644444444444444,0.4355555555555556,0.12888888888888883,1.64935763016351,1.14828670426003,BACKTEST_INIT
824911,Atlanta Braves,San Francisco Giants,0.4908256880733945,0.5091743119266054,0.018348623853210955,1.3714925728793912,3.3559220530977516,BACKTEST_INIT
824912,Atlanta Braves,San Francisco Giants,0.3333333333333333,0.6666666666666667,0.3333333333333334,2.185640272380309,6.898684955574601,BACKTEST_INIT
824913,Atlanta Braves,San Francisco Giants,0.3333333333333333,0.6666666666666667,0.3333333333333334,2.185640272380309,6.898684955574601,BACKTEST_INIT
824914,Atlanta Braves,Pittsburgh Pirates,0.4960159362549801,0.5039840637450199,0.007968127490039834,1.9103208070404967,5.590094017115825,BACKTEST_INIT
824915,Atlanta Braves,Pittsburgh Pirates,0.543859649122807,0.45614035087719296,0.08771929824561409,5.0468251609442545,4.330963830767008,BACKTEST_INIT
824916,Atlanta Braves,Pittsburgh Pirates,0.569377990430622,0.430622009569378,0.13875598086124397,5.075835084280336,3.5035378958544534,BACKTEST_INIT
824917,Atlanta Braves,Toronto Blue Jays,0.5756097560975609,0.42439024390243907,0.15121951219512186,4.5322793678843265,3.718496288302866,BACKTEST_INIT
824918,Atlanta Braves,Toronto Blue Jays,0.5765765765765766,0.42342342342342343,0.15315315315315314,7.069162771970252,4.455110843737536,BACKTEST_INIT
824919,Atlanta Braves,Toronto Blue Jays,0.5728155339805826,0.4271844660194174,0.1456310679611652,6.0964160472387405,3.4887008804550717,BACKTEST_INIT
824920,Atlanta Braves,Washington Nationals,0.5706806282722513,0.4293193717277487,0.1413612565445026,5.049666291615522,2.550813588000155,BACKTEST_INIT
824921,Atlanta Braves,Washington Nationals,0.49842271293375395,0.501577287066246,0.003154574132492094,2.0226315106410486,2.4122366821479684,BACKTEST_INIT
824922,Atlanta Braves,Washington Nationals,0.5706806282722513,0.4293193717277487,0.1413612565445026,5.996761647379648,1.9472967302211284,BACKTEST_INIT
824923,Atlanta Braves,Boston Red Sox,0.5185185185185187,0.4814814814814813,0.037037037037037424,2.16277268606291,2.1394372147137055,BACKTEST_INIT
824924,Atlanta Braves,Boston Red Sox,0.5406698564593302,0.4593301435406698,0.08133971291866038,2.2032934466183858,1.823045158280209,BACKTEST_INIT
824925,Atlanta Braves,Boston Red Sox,0.5510204081632653,0.44897959183673475,0.1020408163265305,1.9966760080243005,1.8520414950393613,BACKTEST_INIT
824926,Atlanta Braves,Chicago Cubs,0.572972972972973,0.427027027027027,0.145945945945946,4.534626427805014,1.39196140206691,BACKTEST_INIT
824927,Atlanta Braves,Chicago Cubs,0.6666666666666666,0.33333333333333337,0.33333333333333326,6.5421642077590985,1.4730856843123794,BACKTEST_INIT
824928,Atlanta Braves,Chicago Cubs,0.6185301905112224,0.3814698094887776,0.23706038102244475,5.648814839901815,1.5734095241185044,BACKTEST_INIT
824929,Atlanta Braves,Detroit Tigers,0.5555555555555556,0.4444444444444444,0.11111111111111116,4.36824897811476,3.056348973862218,BACKTEST_INIT
824930,Atlanta Braves,Detroit Tigers,0.5621301775147929,0.4378698224852071,0.12426035502958577,4.1054930284230755,2.8069950331604705,BACKTEST_INIT
824931,Atlanta Braves,Detroit Tigers,0.5543478260869565,0.44565217391304346,0.10869565217391308,3.8135895887648426,3.6479268206601243,BACKTEST_INIT
824932,Atlanta Braves,Philadelphia Phillies,0.5714285714285714,0.4285714285714286,0.1428571428571428,8.142564584161349,3.373424381305364,BACKTEST_INIT
824933,Atlanta Braves,Philadelphia Phillies,0.5622317596566523,0.4377682403433477,0.12446351931330457,5.611488926522924,3.3457939666209575,BACKTEST_INIT
824934,Atlanta Braves,Philadelphia Phillies,0.5,0.5,0.0,5.289056438254368,7.3944400415452405,BACKTEST_INIT
824935,Atlanta Braves,Miami Marlins,0.3333333333333333,0.6666666666666667,0.3333333333333334,3.0761239252162946,8.55539818181106,BACKTEST_INIT
824936,Atlanta Braves,Miami Marlins,0.52,0.48,0.040000000000000036,4.834931346008585,5.4542924938559585,BACKTEST_INIT
824937,Atlanta Braves,Miami Marlins,0.6666666666666666,0.33333333333333337,0.33333333333333326,9.500184551225367,1.2997362626162692,BACKTEST_INIT
824938,Atlanta Braves,Cleveland Guardians,0.3333333333333333,0.6666666666666667,0.3333333333333334,1.2045768673131814,4.871075926625588,BACKTEST_INIT
824939,Atlanta Braves,Cleveland Guardians,0.5955882352941176,0.40441176470588236,0.19117647058823528,8.952310575816444,4.142675465987607,BACKTEST_INIT
824940,Atlanta Braves,Athletics,0.6153846153846154,0.3846153846153846,0.23076923076923084,2.9695283835591813,3.2575304330546393,BACKTEST_INIT
824941,Atlanta Braves,Cleveland Guardians,0.43137254901960786,0.5686274509803921,0.13725490196078427,2.8876921044468196,3.8793483855220114,BACKTEST_INIT
824942,Atlanta Braves,Athletics,0.6428571428571429,0.3571428571428571,0.2857142857142858,3.8861888827586437,1.5399977330609427,BACKTEST_INIT
824943,Atlanta Braves,Athletics,0.64838,0.35162,0.29675999999999997,4.170616352873868,3.2003631579730785,BACKTEST_INIT
824944,Atlanta Braves,Kansas City Royals,0.90506,0.09494,0.81012,5.469233084818104,1.7678935148483574,BACKTEST_INIT
824945,Atlanta Braves,Kansas City Royals,0.89612,0.10388,0.79224,5.274877089674638,1.7552751186099043,BACKTEST_INIT
824946,Atlanta Braves,Kansas City Royals,0.57134,0.42866,0.14267999999999997,4.275423274676967,3.773921650877046,BACKTEST_INIT
824958,Athletics,Toronto Blue Jays,0.5311203319502075,0.46887966804979253,0.06224066390041494,2.3398449908075016,2.17733998005583,BACKTEST_INIT
824959,Athletics,Baltimore Orioles,0.48847926267281105,0.511520737327189,0.02304147465437789,3.0165218480560823,3.7158298414105477,BACKTEST_INIT
824960,Athletics,Baltimore Orioles,0.5379939209726444,0.4620060790273556,0.07598784194528885,5.632475967071807,3.827801155469098,BACKTEST_INIT
824961,Athletics,Baltimore Orioles,0.525911708253359,0.474088291746641,0.051823416506717956,3.935332169228116,3.9471380284863065,BACKTEST_INIT
824962,Athletics,Minnesota Twins,0.49047619047619045,0.5095238095238095,0.019047619047619035,6.3212851987991705,8.744107286105049,BACKTEST_INIT
824963,Athletics,Minnesota Twins,0.5555555555555556,0.4444444444444444,0.11111111111111116,4.71713111654293,1.50418048224644,BACKTEST_INIT
824964,Athletics,Minnesota Twins,0.5413223140495868,0.45867768595041325,0.0826446280991735,6.528320094518572,6.296254447092917,BACKTEST_INIT
824965,Athletics,Texas Rangers,0.495,0.505,0.010000000000000009,2.329804627713874,3.6055991847906945,BACKTEST_INIT
824966,Athletics,Texas Rangers,0.5604743615659323,0.43952563843406767,0.12094872313186467,8.090600662959632,3.1574837118159818,BACKTEST_INIT
824967,Athletics,Tampa Bay Rays,0.3333333333333333,0.6666666666666667,0.3333333333333334,4.673088604014774,11.827581184701186,BACKTEST_INIT
824968,Athletics,Texas Rangers,0.5555555555555556,0.4444444444444444,0.11111111111111116,8.153100426100044,3.173269998583341,BACKTEST_INIT
824969,Athletics,Tampa Bay Rays,0.4976303317535545,0.5023696682464456,0.0047393364928911,1.860472328075616,1.9281099268402588,BACKTEST_INIT
824970,Athletics,Tampa Bay Rays,0.3333333333333333,0.6666666666666667,0.3333333333333334,5.3154233989088695,11.827581184701186,BACKTEST_INIT
824971,Athletics,Detroit Tigers,0.49756097560975604,0.5024390243902439,0.004878048780487865,4.304669463511643,8.490094205940888,BACKTEST_INIT
824972,Athletics,Detroit Tigers,0.3333333333333333,0.6666666666666667,0.3333333333333334,1.1431596380718179,9.73516191675044,BACKTEST_INIT
824973,Athletics,Boston Red Sox,0.5100917431192661,0.4899082568807339,0.020183486238532167,2.792253269393174,2.3557134423153294,BACKTEST_INIT
824974,Athletics,Boston Red Sox,0.5,0.5,0.0,2.9471020428697106,3.455571831693418,BACKTEST_INIT
824975,Athletics,Detroit Tigers,0.5153374233128835,0.48466257668711654,0.030674846625766916,7.969639505585267,7.732713567696568,BACKTEST_INIT
824976,Athletics,Boston Red Sox,0.4975369458128079,0.5024630541871922,0.004926108374384286,2.7174356794443177,2.59651077316003,BACKTEST_INIT
824977,Athletics,Boston Red Sox,0.4975369458128079,0.5024630541871922,0.004926108374384286,5.957914194465787,9.546345145068546,BACKTEST_INIT
824978,Athletics,Washington Nationals,0.6666666666666666,0.33333333333333337,0.33333333333333326,11.00528049721255,1.6139317845059928,BACKTEST_INIT
824979,Athletics,Washington Nationals,0.3333333333333333,0.6666666666666667,0.3333333333333334,2.702674094522054,10.796183674026034,BACKTEST_INIT
824980,Athletics,Miami Marlins,0.49019607843137253,0.5098039215686274,0.019607843137254888,3.5563035708261634,8.077505679131283,BACKTEST_INIT
824981,Athletics,Washington Nationals,0.3333333333333333,0.6666666666666667,0.3333333333333334,2.516261708079152,7.02397110921855,BACKTEST_INIT
824982,Athletics,Miami Marlins,0.6666666666666666,0.33333333333333337,0.33333333333333326,7.915580165201856,1.9682623348519201,BACKTEST_INIT
824983,Athletics,Miami Marlins,0.4934210526315789,0.506578947368421,0.01315789473684209,4.728220414107865,10.108496459224817,BACKTEST_INIT
824984,Athletics,Los Angeles Dodgers,0.3333333333333333,0.6666666666666667,0.3333333333333334,4.055043093518316,10.106929525520329,BACKTEST_INIT
824985,Athletics,Los Angeles Dodgers,0.3333333333333333,0.6666666666666667,0.3333333333333334,3.1663849261394175,8.115229406624369,BACKTEST_INIT
824986,Athletics,Los Angeles Dodgers,0.5056603773584906,0.49433962264150944,0.01132075471698113,4.075796006450311,4.494874418476893,BACKTEST_INIT
824987,Athletics,Los Angeles Angels,0.3333333333333333,0.6666666666666667,0.3333333333333334,1.18745020491159,6.087294078882597,BACKTEST_INIT
824988,Athletics,Los Angeles Angels,0.5202702702702703,0.4797297297297297,0.04054054054054057,10.499373607707888,10.243473705251018,BACKTEST_INIT
824989,Athletics,Los Angeles Angels,0.5695067264573991,0.4304932735426009,0.13901345291479816,5.496080048248668,4.367613439910256,BACKTEST_INIT
824990,Athletics,Los Angeles Angels,0.5644444444444444,0.4355555555555556,0.12888888888888883,5.972507688707024,2.5871737945176174,BACKTEST_INIT
824991,Athletics,Pittsburgh Pirates,0.6666666666666666,0.33333333333333337,0.33333333333333326,10.371810861636217,1.965863184575117,BACKTEST_INIT
824992,Athletics,Pittsburgh Pirates,0.5126582278481013,0.48734177215189867,0.025316455696202667,3.7497445255990494,5.164780621290487,BACKTEST_INIT
824993,Athletics,Pittsburgh Pirates,0.510593220338983,0.489406779661017,0.021186440677966045,5.342590161260159,8.27275847105669,BACKTEST_INIT
824994,Athletics,Colorado Rockies,0.5725806451612904,0.42741935483870963,0.14516129032258074,7.075185625903732,4.376190890401339,BACKTEST_INIT
824995,Athletics,Colorado Rockies,0.5694444444444444,0.4305555555555556,0.13888888888888884,5.788243822490875,2.951223819445653,BACKTEST_INIT
824996,Athletics,Milwaukee Brewers,0.6666666666666666,0.33333333333333337,0.33333333333333326,7.315141117175459,1.5646164127233253,BACKTEST_INIT
824997,Athletics,Colorado Rockies,0.6474113980284035,0.35258860197159647,0.29482279605680706,8.028517508585836,2.8382750043372216,BACKTEST_INIT
824998,Athletics,Milwaukee Brewers,0.5024630541871922,0.49753694581280783,0.0049261083743843415,3.810398900899318,4.327489053247408,BACKTEST_INIT
824999,Athletics,Milwaukee Brewers,0.49586776859504134,0.5041322314049587,0.008264462809917328,9.79540437418386,11.97604372731525,BACKTEST_INIT
825000,Athletics,New York Yankees,0.3333333333333333,0.6666666666666667,0.3333333333333334,1.2479528699730038,8.070363165932305,BACKTEST_INIT
825001,Athletics,New York Yankees,0.49230769230769234,0.5076923076923077,0.01538461538461533,4.831910873224582,4.757818035409627,BACKTEST_INIT
825002,Athletics,New York Yankees,0.3333333333333333,0.6666666666666667,0.3333333333333334,1.0772226612136935,8.11491497397567,BACKTEST_INIT
825003,Athletics,Seattle Mariners,0.4806201550387597,0.5193798449612403,0.038759689922480633,2.407346295093613,4.069028496692031,BACKTEST_INIT
825004,Athletics,Seattle Mariners,0.3333333333333333,0.6666666666666667,0.3333333333333334,2.8589373378470526,9.102886643360737,BACKTEST_INIT
825005,Athletics,Seattle Mariners,0.5729166666666666,0.42708333333333337,0.14583333333333326,6.026802466505498,3.2419371961940335,BACKTEST_INIT
825006,Athletics,San Francisco Giants,0.5185185185185187,0.4814814814814813,0.037037037037037424,4.628530735600515,5.091928568025811,BACKTEST_INIT
825007,Athletics,San Francisco Giants,0.572972972972973,0.427027027027027,0.145945945945946,5.107575391226248,2.3736976999181976,BACKTEST_INIT
825008,Athletics,St. Louis Cardinals,0.572972972972973,0.427027027027027,0.145945945945946,4.532571175957528,2.798994441259805,BACKTEST_INIT
825009,Athletics,San Francisco Giants,0.572972972972973,0.427027027027027,0.145945945945946,5.10598015508571,2.4901329583157548,BACKTEST_INIT
825010,Athletics,St. Louis Cardinals,0.5079365079365079,0.4920634920634921,0.015873015873015817,3.0904800713813056,4.809280684697278,BACKTEST_INIT
825011,Athletics,St. Louis Cardinals,0.5393939393939394,0.4606060606060606,0.07878787878787885,2.709572765336079,2.3434582490190214,BACKTEST_INIT
825012,Athletics,Cleveland Guardians,0.5559322033898305,0.4440677966101695,0.11186440677966103,2.6970701873359433,1.8416517179443024,BACKTEST_INIT
825013,Athletics,Cleveland Guardians,0.49999999999999994,0.5,5.551115123125783e-17,4.993003628895212,9.330458809444755,BACKTEST_INIT
825014,Athletics,Cleveland Guardians,0.49999999999999994,0.5,5.551115123125783e-17,3.7707641178624423,8.16341450657945,BACKTEST_INIT
825015,Athletics,Kansas City Royals,0.5,0.5,0.0,1.744485915704875,4.040688595448265,BACKTEST_INIT
825016,Athletics,Kansas City Royals,0.5555555555555556,0.4444444444444444,0.11111111111111116,3.6388801648656175,3.4673750787097326,BACKTEST_INIT
825017,Athletics,Kansas City Royals,0.5621301775147929,0.4378698224852071,0.12426035502958577,7.10106755402526,4.20885543201822,BACKTEST_INIT
825018,Athletics,Chicago White Sox,0.5081967213114754,0.4918032786885246,0.016393442622950838,6.24867878471278,6.680704700541504,BACKTEST_INIT
825019,Athletics,Chicago White Sox,0.4883720930232558,0.5116279069767442,0.023255813953488413,4.219727131527047,5.196060550365142,BACKTEST_INIT
825020,Athletics,Chicago White Sox,0.4772727272727273,0.5227272727272727,0.045454545454545414,3.1382263439111675,7.560895413740774,BACKTEST_INIT
825021,Athletics,Texas Rangers,0.5903614457831327,0.40963855421686735,0.1807228915662653,1.630725043015814,1.4395146679655888,BACKTEST_INIT
825022,Athletics,Texas Rangers,0.3333333333333333,0.6666666666666667,0.3333333333333334,1.3286083254580203,8.494630891832301,BACKTEST_INIT
825023,Athletics,Texas Rangers,0.6057142857142858,0.39428571428571424,0.21142857142857152,4.561836806515809,3.353880707863957,BACKTEST_INIT
825024,Athletics,Texas Rangers,0.4473684210526316,0.5526315789473684,0.10526315789473678,1.356750914163369,1.9514622584558685,BACKTEST_INIT
825025,Athletics,Houston Astros,0.3333333333333333,0.6666666666666667,0.3333333333333334,1.2370596974729717,10.137175210850979,BACKTEST_INIT
825026,Athletics,Houston Astros,0.5,0.5,0.0,4.150552523977537,8.535456138557745,BACKTEST_INIT
825027,Athletics,Houston Astros,0.6657317566201738,0.3342682433798262,0.3314635132403476,9.418933758875607,3.3680767100893334,BACKTEST_INIT
825037,Arizona Diamondbacks,Philadelphia Phillies,0.3333333333333333,0.6666666666666667,0.3333333333333334,1.1178281093451599,6.202284457765989,BACKTEST_INIT
825038,Arizona Diamondbacks,Philadelphia Phillies,0.4908256880733945,0.5091743119266054,0.018348623853210955,1.1178281093451599,2.3180571829791763,BACKTEST_INIT
825039,Arizona Diamondbacks,Chicago Cubs,0.49528301886792453,0.5047169811320755,0.009433962264150997,2.9775777210288874,3.953192125679064,BACKTEST_INIT
825040,Arizona Diamondbacks,Philadelphia Phillies,0.4908256880733945,0.5091743119266054,0.018348623853210955,1.2640400260475069,2.9164787827958887,BACKTEST_INIT
825041,Arizona Diamondbacks,Chicago Cubs,0.4880382775119617,0.5119617224880383,0.02392344497607657,4.024066133135619,6.336717908548943,BACKTEST_INIT
825042,Arizona Diamondbacks,Chicago Cubs,0.3333333333333333,0.6666666666666667,0.3333333333333334,1.5048387815622273,6.548899517074666,BACKTEST_INIT
825043,Arizona Diamondbacks,Cincinnati Reds,0.4880382775119617,0.5119617224880383,0.02392344497607657,5.741339394795704,8.800292169408529,BACKTEST_INIT
825044,Arizona Diamondbacks,Cincinnati Reds,0.6666666666666666,0.33333333333333337,0.33333333333333326,6.972331489268078,1.1439687493113313,BACKTEST_INIT
825045,Arizona Diamondbacks,Cincinnati Reds,0.5077519379844961,0.49224806201550386,0.015503875968992276,7.791587341253125,8.649411283182019,BACKTEST_INIT
825046,Arizona Diamondbacks,Colorado Rockies,0.6666666666666666,0.33333333333333337,0.33333333333333326,8.374193175373726,1.5130736125729127,BACKTEST_INIT
825047,Arizona Diamondbacks,Colorado Rockies,0.5178947368421053,0.4821052631578947,0.03578947368421059,1.9083982465489817,2.0290554624003594,BACKTEST_INIT
825048,Arizona Diamondbacks,Colorado Rockies,0.5555555555555556,0.4444444444444444,0.11111111111111116,4.289752986250358,2.3980199144733607,BACKTEST_INIT
825049,Arizona Diamondbacks,Los Angeles Dodgers,0.4988066825775656,0.5011933174224343,0.002386634844868729,3.374866717891123,3.8429960639007827,BACKTEST_INIT
825050,Arizona Diamondbacks,Los Angeles Dodgers,0.5,0.5,0.0,2.385007509719719,2.55797943660038,BACKTEST_INIT
825051,Arizona Diamondbacks,Los Angeles Dodgers,0.5,0.5,0.0,3.007162568749128,5.29683966719536,BACKTEST_INIT
825052,Arizona Diamondbacks,San Diego Padres,0.3333333333333333,0.6666666666666667,0.3333333333333334,3.6697281420077097,9.915429694029754,BACKTEST_INIT
825053,Arizona Diamondbacks,San Diego Padres,0.6666666666666666,0.33333333333333337,0.33333333333333326,9.842652144452305,2.7039968858047096,BACKTEST_INIT
825054,Arizona Diamondbacks,San Diego Padres,0.5555555555555556,0.4444444444444444,0.11111111111111116,3.526523010306141,1.8422943445263487,BACKTEST_INIT
825055,Arizona Diamondbacks,Athletics,0.5510204081632653,0.44897959183673475,0.1020408163265305,5.675536205640914,4.7276272135802175,BACKTEST_INIT
825056,Arizona Diamondbacks,Athletics,0.49627791563275436,0.5037220843672456,0.007444168734491274,2.6039599332053864,3.414809737630679,BACKTEST_INIT
825057,Arizona Diamondbacks,St. Louis Cardinals,0.5577689243027888,0.4422310756972112,0.11553784860557759,4.394334385323779,3.5219340358179734,BACKTEST_INIT
825058,Arizona Diamondbacks,Athletics,0.5555555555555556,0.4444444444444444,0.11111111111111116,6.073429972596333,2.651957194722324,BACKTEST_INIT
825059,Arizona Diamondbacks,St. Louis Cardinals,0.5255102040816326,0.4744897959183674,0.05102040816326525,3.999366769739747,3.8235785477258704,BACKTEST_INIT
825060,Arizona Diamondbacks,St. Louis Cardinals,0.5546218487394958,0.4453781512605042,0.10924369747899165,4.02465600720873,2.636561777231395,BACKTEST_INIT
825061,Arizona Diamondbacks,Milwaukee Brewers,0.5,0.5,0.0,4.5429087841566655,4.515585177371708,BACKTEST_INIT
825062,Arizona Diamondbacks,Milwaukee Brewers,0.5659574468085107,0.4340425531914893,0.13191489361702136,4.795492290267779,3.419674442689308,BACKTEST_INIT
825063,Arizona Diamondbacks,Milwaukee Brewers,0.4934210526315789,0.506578947368421,0.01315789473684209,3.934505591702087,5.635983773708251,BACKTEST_INIT
825064,Arizona Diamondbacks,San Francisco Giants,0.5879727711140689,0.41202722888593113,0.17594554222813774,6.5957467961750105,2.303970555829271,BACKTEST_INIT
825065,Arizona Diamondbacks,San Francisco Giants,0.5340136054421769,0.4659863945578231,0.06802721088435382,2.4448585084374126,2.2262281757548203,BACKTEST_INIT
825066,Arizona Diamondbacks,San Francisco Giants,0.5627705627705628,0.4372294372294372,0.12554112554112562,3.79347926584307,2.903887534918322,BACKTEST_INIT
825067,Arizona Diamondbacks,Minnesota Twins,0.5075757575757577,0.4924242424242423,0.01515151515151536,8.44109346229892,10.61443805819442,BACKTEST_INIT
825068,Arizona Diamondbacks,Minnesota Twins,0.5663716814159292,0.4336283185840708,0.1327433628318584,9.815103534613227,4.5604143060407925,BACKTEST_INIT
825069,Arizona Diamondbacks,Minnesota Twins,0.5644444444444444,0.4355555555555556,0.12888888888888883,4.076898986043822,3.1964857338687533,BACKTEST_INIT
825070,Arizona Diamondbacks,Los Angeles Angels,0.5714285714285714,0.4285714285714286,0.1428571428571428,3.7931781660193957,2.3947643391999844,BACKTEST_INIT
825071,Arizona Diamondbacks,Los Angeles Angels,0.5714285714285714,0.4285714285714286,0.1428571428571428,4.523252225459319,2.6498520955558176,BACKTEST_INIT
825072,Arizona Diamondbacks,Los Angeles Angels,0.5,0.5,0.0,2.627345817607316,6.842615863883212,BACKTEST_INIT
825073,Arizona Diamondbacks,Washington Nationals,0.5700483091787439,0.42995169082125606,0.14009661835748788,4.237086517576369,1.275106353969952,BACKTEST_INIT
825074,Arizona Diamondbacks,Washington Nationals,0.4990328820116054,0.5009671179883946,0.001934235976789156,2.053852309822088,3.622629124166811,BACKTEST_INIT
825075,Arizona Diamondbacks,Washington Nationals,0.3333333333333333,0.6666666666666667,0.3333333333333334,2.640543714918441,11.280469627403772,BACKTEST_INIT
825076,Arizona Diamondbacks,Los Angeles Dodgers,0.3333333333333333,0.6666666666666667,0.3333333333333334,1.7396189103731396,6.423045222849851,BACKTEST_INIT
825077,Arizona Diamondbacks,Los Angeles Dodgers,0.4947916666666667,0.5052083333333333,0.010416666666666574,4.100750485708099,5.135572987819289,BACKTEST_INIT
825078,Arizona Diamondbacks,Los Angeles Dodgers,0.4909090909090909,0.509090909090909,0.018181818181818132,2.415000925046968,5.4066185369686295,BACKTEST_INIT
825079,Arizona Diamondbacks,Los Angeles Dodgers,0.5526315789473685,0.4473684210526315,0.10526315789473695,3.3863369365866935,2.8873844625894654,BACKTEST_INIT
825080,Arizona Diamondbacks,Colorado Rockies,0.5706806282722513,0.4293193717277487,0.1413612565445026,2.6083673332844626,2.016187113372099,BACKTEST_INIT
825081,Arizona Diamondbacks,Colorado Rockies,0.5706806282722513,0.4293193717277487,0.1413612565445026,4.371320266907671,3.130556770225982,BACKTEST_INIT
825082,Arizona Diamondbacks,Colorado Rockies,0.5706806282722513,0.4293193717277487,0.1413612565445026,3.058712395891024,1.949765613799006,BACKTEST_INIT
825083,Arizona Diamondbacks,Colorado Rockies,0.5706806282722513,0.4293193717277487,0.1413612565445026,3.3013238977251023,2.4022072912858783,BACKTEST_INIT
825084,Arizona Diamondbacks,San Francisco Giants,0.5706806282722513,0.4293193717277487,0.1413612565445026,5.263324030380822,1.735686469037383,BACKTEST_INIT
825085,Arizona Diamondbacks,New York Mets,0.5080213903743316,0.4919786096256684,0.016042780748663166,2.092412910410444,2.5464909122613455,BACKTEST_INIT
825086,Arizona Diamondbacks,San Francisco Giants,0.6666666666666666,0.33333333333333337,0.33333333333333326,8.831758123428875,1.2452064186310001,BACKTEST_INIT
825087,Arizona Diamondbacks,San Francisco Giants,0.5038820235119874,0.4961179764880126,0.007764047023974818,4.193671409814048,8.36225955357566,BACKTEST_INIT
825088,Arizona Diamondbacks,New York Mets,0.5082872928176796,0.4917127071823204,0.016574585635359185,2.0528414271109696,2.414918810841026,BACKTEST_INIT
825089,Arizona Diamondbacks,New York Mets,0.5027027027027027,0.4972972972972973,0.00540540540540535,2.05988188701678,2.8777442320903575,BACKTEST_INIT
825090,Arizona Diamondbacks,Pittsburgh Pirates,0.5055555555555554,0.4944444444444446,0.01111111111111085,1.263725623996497,2.7279894698488856,BACKTEST_INIT
825091,Arizona Diamondbacks,Pittsburgh Pirates,0.6666666666666666,0.33333333333333337,0.33333333333333326,9.530938051762044,2.969664799751602,BACKTEST_INIT
825092,Arizona Diamondbacks,Pittsburgh Pirates,0.49206349206349204,0.5079365079365079,0.015873015873015872,2.137151801755483,3.3608338326832428,BACKTEST_INIT
825093,Arizona Diamondbacks,San Diego Padres,0.49056603773584906,0.5094339622641509,0.018867924528301883,2.9106783619134595,7.186801235543827,BACKTEST_INIT
825094,Arizona Diamondbacks,San Diego Padres,0.5,0.5,0.0,3.3093394701641916,6.538703892479338,BACKTEST_INIT
825095,Arizona Diamondbacks,San Diego Padres,0.3333333333333333,0.6666666666666667,0.3333333333333334,1.7834424143345022,5.813110466469077,BACKTEST_INIT
825096,Arizona Diamondbacks,Chicago White Sox,0.5733944954128442,0.42660550458715585,0.1467889908256883,8.949073241492863,6.625589634903038,BACKTEST_INIT
825097,Arizona Diamondbacks,Chicago White Sox,0.47058823529411764,0.5294117647058824,0.05882352941176472,5.473420243735735,9.659206988864192,BACKTEST_INIT
825098,Arizona Diamondbacks,Toronto Blue Jays,0.5894736842105264,0.41052631578947363,0.17894736842105274,6.118520431301391,2.1370090322537103,BACKTEST_INIT
825099,Arizona Diamondbacks,Chicago White Sox,0.46938775510204084,0.5306122448979591,0.06122448979591827,5.562467085376617,6.841676709217461,BACKTEST_INIT
825100,Arizona Diamondbacks,Toronto Blue Jays,0.5888324873096448,0.41116751269035523,0.17766497461928954,6.800624037101683,2.360856427193857,BACKTEST_INIT
825101,Arizona Diamondbacks,Toronto Blue Jays,0.6276264669230102,0.37237353307698984,0.2552529338460203,6.17607893595049,1.8126838675363919,BACKTEST_INIT
825102,Arizona Diamondbacks,Atlanta Braves,0.6063829787234043,0.3936170212765957,0.2127659574468086,1.3867399154873292,1.185007918575938,BACKTEST_INIT
825103,Arizona Diamondbacks,Atlanta Braves,0.3333333333333333,0.6666666666666667,0.3333333333333334,1.6462775772598346,9.985663324186778,BACKTEST_INIT
825104,Arizona Diamondbacks,Atlanta Braves,0.625,0.375,0.25,1.392926269408743,1.289881119369909,BACKTEST_INIT
825105,Arizona Diamondbacks,Atlanta Braves,0.5,0.5,0.0,1.574565746118838,2.314757448318952,BACKTEST_INIT
825106,Arizona Diamondbacks,Detroit Tigers,0.6153846153846154,0.3846153846153846,0.23076923076923084,8.551947508653761,5.14269847660503,BACKTEST_INIT
825107,Arizona Diamondbacks,Detroit Tigers,0.6428571428571429,0.3571428571428571,0.2857142857142858,8.410803876258097,4.348127358546713,BACKTEST_INIT
825108,Arizona Diamondbacks,Detroit Tigers,0.62844,0.37156,0.25688,3.1985693658454526,2.25125778047824,BACKTEST_INIT
